"","day","mo","NUM_COLLISIONS"
"191",1,1,0.361194029850746
"198",1,1,0.423880597014925
"212",1,1,0.319402985074627
"555",1,1,0.347560975609756
"576",1,1,0.326219512195122
"919",1,1,0.25531914893617
"926",1,1,0.473404255319149
"933",1,1,0.25
"940",1,1,0.218085106382979
"1283",1,1,0.461748633879781
"1290",1,1,0.677595628415301
"1297",1,1,0.133879781420765
"1661",1,1,0.0539845758354756
"1668",1,1,0.542416452442159
"1675",1,1,0.22879177377892
"2018",1,1,0.702631578947368
"2025",1,1,0.184210526315789
"2039",1,1,0.205263157894737
"2382",1,1,0.480314960629921
"2389",1,1,0.792650918635171
"2403",1,1,0.430446194225722
"219",1,2,0.456716417910448
"226",1,2,0.223880597014925
"240",1,2,0.26865671641791
"590",1,2,0.835365853658537
"597",1,2,0.265243902439024
"604",1,2,0.503048780487805
"947",1,2,0.73936170212766
"954",1,2,0.38563829787234
"968",1,2,0.457446808510638
"1311",1,2,0.775956284153005
"1318",1,2,0.188524590163934
"1332",1,2,0.5
"1339",1,2,0.502732240437158
"1682",1,2,0.287917737789203
"1689",1,2,0.478149100257069
"1703",1,2,0.215938303341902
"2046",1,2,0.66578947368421
"2053",1,2,0.236842105263158
"2417",1,2,0.438320209973753
"2424",1,2,0.0131233595800525
"2431",1,2,0.784776902887139
"247",1,3,0.588059701492537
"261",1,3,0.665671641791045
"268",1,3,0.292537313432836
"611",1,3,0.109756097560976
"625",1,3,0.350609756097561
"632",1,3,0.435975609756098
"639",1,3,0.472560975609756
"975",1,3,0.659574468085106
"982",1,3,0.688829787234043
"989",1,3,0.337765957446808
"996",1,3,0.48936170212766
"1003",1,3,0.409574468085106
"1353",1,3,0.568306010928962
"1360",1,3,0.505464480874317
"1367",1,3,0.617486338797814
"1710",1,3,0.416452442159383
"1717",1,3,0.863753213367609
"1724",1,3,0.755784061696658
"1731",1,3,0.444730077120823
"2074",1,3,0.428947368421053
"2081",1,3,0.594736842105263
"2088",1,3,0.613157894736842
"2095",1,3,0.676315789473684
"2438",1,3,0.267716535433071
"2445",1,3,0.640419947506562
"2452",1,3,0.456692913385827
"275",1,4,0.235820895522388
"296",1,4,0.492537313432836
"646",1,4,0.393292682926829
"653",1,4,0.335365853658537
"667",1,4,0.588414634146341
"1024",1,4,0.606382978723404
"1031",1,4,0.414893617021277
"1374",1,4,0.685792349726776
"1752",1,4,0.0822622107969152
"2109",1,4,0.452631578947368
"2116",1,4,0.757894736842105
"2123",1,4,0.58421052631579
"2130",1,4,0.534210526315789
"2466",1,4,0.52755905511811
"2480",1,4,0.671916010498688
"2494",1,4,0.430446194225722
"317",1,5,0.528358208955224
"324",1,5,0.770149253731343
"331",1,5,0.0597014925373134
"674",1,5,0.652439024390244
"681",1,5,0.539634146341463
"688",1,5,0.51219512195122
"695",1,5,0.0884146341463415
"1038",1,5,0.63563829787234
"1045",1,5,0.646276595744681
"1052",1,5,0.436170212765957
"1409",1,5,0.584699453551913
"1416",1,5,0.846994535519126
"1430",1,5,0.10655737704918
"1773",1,5,0.467866323907455
"1780",1,5,0.701799485861183
"2137",1,5,0.636842105263158
"2501",1,5,0.601049868766404
"2508",1,5,0.556430446194226
"2515",1,5,0.755905511811024
"2522",1,5,0.10761154855643
"338",1,6,0.916417910447761
"352",1,6,0.638805970149254
"359",1,6,0.835820895522388
"716",1,6,0.664634146341463
"1437",1,6,0.890710382513661
"1444",1,6,0.584699453551913
"1801",1,6,0.51413881748072
"1808",1,6,0.894601542416452
"1815",1,6,0.933161953727506
"2165",1,6,0.644736842105263
"2172",1,6,0.613157894736842
"2179",1,6,0.934210526315789
"2186",1,6,0.736842105263158
"2529",1,6,0.677165354330709
"2550",1,6,0.866141732283465
"16",1,7,0.396825396825397
"366",1,7,0.695522388059701
"373",1,7,0.647761194029851
"737",1,7,0.640243902439024
"744",1,7,0.496951219512195
"751",1,7,0.466463414634146
"758",1,7,0.582317073170732
"1479",1,7,0.800546448087432
"1850",1,7,0.42159383033419
"2214",1,7,0.423684210526316
"2557",1,7,0.766404199475066
"37",1,8,0.603174603174603
"401",1,8,0.432835820895522
"422",1,8,0.361194029850746
"779",1,8,0.582317073170732
"1157",1,8,0.563829787234043
"1507",1,8,0.576502732240437
"1514",1,8,0.647540983606557
"1521",1,8,0.658469945355191
"1864",1,8,0.38560411311054
"1885",1,8,0.329048843187661
"2242",1,8,0.286842105263158
"2613",1,8,0.244094488188976
"72",1,9,0.742857142857143
"436",1,9,0.692537313432836
"443",1,9,0.507462686567164
"450",1,9,0.77910447761194
"457",1,9,0.611940298507463
"800",1,9,0.591463414634146
"814",1,9,0.786585365853659
"1164",1,9,0.220744680851064
"1171",1,9,0.470744680851064
"1178",1,9,0.590425531914894
"1542",1,9,0.677595628415301
"1892",1,9,0.195372750642674
"2263",1,9,0.518421052631579
"2277",1,9,0.371052631578947
"2641",1,9,0.624671916010499
"93",1,10,0.482539682539683
"107",1,10,0.647619047619048
"114",1,10,0.653968253968254
"464",1,10,0.650746268656716
"478",1,10,0.644776119402985
"485",1,10,0.656716417910448
"842",1,10,0.570121951219512
"849",1,10,0.725609756097561
"1192",1,10,0.518617021276596
"1206",1,10,0.704787234042553
"1213",1,10,0.787234042553192
"1563",1,10,0.292349726775956
"1577",1,10,0.385245901639344
"1584",1,10,0.609289617486339
"1927",1,10,0.231362467866324
"1934",1,10,0.475578406169666
"1948",1,10,0.966580976863753
"2291",1,10,0.126315789473684
"2298",1,10,0.628947368421053
"2305",1,10,0.518421052631579
"2312",1,10,0.639473684210526
"2669",1,10,0.414698162729659
"2676",1,10,0.540682414698163
"128",1,11,0.241269841269841
"142",1,11,0.577777777777778
"149",1,11,0.507936507936508
"492",1,11,0.770149253731343
"499",1,11,0.167164179104478
"506",1,11,0.629850746268657
"513",1,11,0.925373134328358
"856",1,11,0.673780487804878
"870",1,11,0.798780487804878
"877",1,11,0.969512195121951
"1220",1,11,0.561170212765957
"1241",1,11,0.803191489361702
"1248",1,11,0.555851063829787
"1591",1,11,0.729508196721312
"1605",1,11,0.688524590163934
"1612",1,11,0.587431693989071
"1955",1,11,0.580976863753213
"1969",1,11,0.750642673521851
"1976",1,11,0.460154241645244
"2319",1,11,0.805263157894737
"2326",1,11,0.115789473684211
"2340",1,11,0.763157894736842
"2697",1,11,0.897637795275591
"2704",1,11,0.62992125984252
"163",1,12,0.685714285714286
"170",1,12,0.780952380952381
"184",1,12,0.250793650793651
"527",1,12,0.713432835820896
"534",1,12,0.716417910447761
"541",1,12,0.916417910447761
"548",1,12,0.226865671641791
"891",1,12,0.533536585365854
"905",1,12,0.49390243902439
"1269",1,12,0.558510638297872
"1276",1,12,0.234042553191489
"1619",1,12,0.980874316939891
"1626",1,12,0.636612021857924
"1633",1,12,0.792349726775956
"1990",1,12,0.691516709511568
"2347",1,12,0.642105263157895
"2361",1,12,0.621052631578947
"2711",1,12,0.469816272965879
"2718",1,12,0.881889763779528
"2725",1,12,0.309711286089239
"2739",1,12,0.307086614173228
"192",2,1,0.337313432835821
"206",2,1,0.429850746268657
"556",2,1,0.265243902439024
"563",2,1,0.472560975609756
"577",2,1,0.304878048780488
"927",2,1,0.561170212765957
"934",2,1,0.26063829787234
"1284",2,1,0.568306010928962
"1298",2,1,0.628415300546448
"1648",2,1,0.521850899742931
"1662",2,1,0.516709511568123
"1669",2,1,0.277634961439589
"1676",2,1,0.295629820051414
"2019",2,1,0.607894736842105
"2026",2,1,0.431578947368421
"2033",2,1,0.205263157894737
"2040",2,1,0.331578947368421
"2376",2,1,0.0761154855643045
"220",2,2,0.495522388059702
"227",2,2,0.292537313432836
"241",2,2,0.408955223880597
"591",2,2,0.707317073170732
"598",2,2,0.347560975609756
"605",2,2,0.332317073170732
"955",2,2,0.449468085106383
"962",2,2,0.579787234042553
"1319",2,2,0.379781420765027
"1326",2,2,0.5
"1333",2,2,0.521857923497268
"1683",2,2,0.437017994858612
"1690",2,2,0.596401028277635
"2054",2,2,0.421052631578947
"2061",2,2,0.215789473684211
"2418",2,2,0.750656167979003
"2425",2,2,0.330708661417323
"2432",2,2,0.706036745406824
"248",2,3,0.37910447761194
"255",2,3,0.438805970149254
"262",2,3,0.474626865671642
"269",2,3,0.0746268656716418
"619",2,3,0.323170731707317
"626",2,3,0.448170731707317
"976",2,3,0.609042553191489
"990",2,3,0.335106382978723
"1004",2,3,0.601063829787234
"1340",2,3,0.628415300546448
"1354",2,3,0.480874316939891
"1361",2,3,0.53551912568306
"1368",2,3,0.685792349726776
"1711",2,3,0.465295629820051
"1732",2,3,0.349614395886889
"2075",2,3,0.586842105263158
"2096",2,3,0.457894736842105
"2439",2,3,0.624671916010499
"2446",2,3,0.485564304461942
"2453",2,3,0.430446194225722
"2460",2,3,0.548556430446194
"276",2,4,0.11044776119403
"283",2,4,0.635820895522388
"297",2,4,0.337313432835821
"640",2,4,0.442073170731707
"647",2,4,0.615853658536585
"654",2,4,0.146341463414634
"668",2,4,0.460365853658537
"1011",2,4,0.132978723404255
"1018",2,4,0.372340425531915
"1025",2,4,0.646276595744681
"1032",2,4,0.561170212765957
"1375",2,4,0.655737704918033
"1396",2,4,0.128415300546448
"1739",2,4,0.365038560411311
"1753",2,4,0.154241645244216
"1760",2,4,0.686375321336761
"2103",2,4,0.257894736842105
"2117",2,4,0.386842105263158
"2467",2,4,0.398950131233596
"2474",2,4,0.356955380577428
"2481",2,4,0.622047244094488
"2488",2,4,0.501312335958005
"318",2,5,0.492537313432836
"682",2,5,0.475609756097561
"689",2,5,0.75
"696",2,5,0.734756097560976
"1039",2,5,0.627659574468085
"1046",2,5,0.75
"1060",2,5,0.75531914893617
"1417",2,5,0.524590163934426
"1424",2,5,0.718579234972678
"1431",2,5,0.896174863387978
"1767",2,5,0.737789203084833
"1781",2,5,0.611825192802057
"1788",2,5,0.521850899742931
"2131",2,5,0.684210526315789
"2145",2,5,0.855263157894737
"2159",2,5,0.936842105263158
"2509",2,5,0.57742782152231
"2516",2,5,0.902887139107612
"2523",2,5,0.664041994750656
"346",2,6,0.701492537313433
"353",2,6,0.635820895522388
"1067",2,6,0.638297872340426
"1074",2,6,0.664893617021277
"1081",2,6,0.507978723404255
"1088",2,6,0.800531914893617
"1445",2,6,0.778688524590164
"1452",2,6,0.680327868852459
"1802",2,6,0.524421593830334
"1809",2,6,0.958868894601542
"1816",2,6,0.917737789203085
"2166",2,6,0.618421052631579
"2180",2,6,0.944736842105263
"2530",2,6,0.561679790026247
"2537",2,6,0.73753280839895
"367",2,7,0.6
"388",2,7,0.51044776119403
"731",2,7,0.646341463414634
"738",2,7,0.579268292682927
"745",2,7,0.557926829268293
"1109",2,7,0.678191489361702
"1480",2,7,0.729508196721312
"1487",2,7,0.699453551912568
"1851",2,7,0.3573264781491
"2208",2,7,0.597368421052632
"2579",2,7,0.398950131233596
"59",2,8,0.584126984126984
"1130",2,8,0.702127659574468
"1137",2,8,0.529255319148936
"1501",2,8,0.595628415300546
"1515",2,8,0.560109289617486
"1865",2,8,0.44987146529563
"1886",2,8,0.406169665809769
"2250",2,8,0.689473684210526
"80",2,9,0.485714285714286
"87",2,9,0.606349206349206
"437",2,9,0.683582089552239
"444",2,9,0.677611940298507
"451",2,9,0.641791044776119
"801",2,9,0.573170731707317
"815",2,9,0.573170731707317
"1172",2,9,0.470744680851064
"1179",2,9,0.449468085106383
"1529",2,9,0.530054644808743
"1550",2,9,0.620218579234973
"1893",2,9,0.645244215938303
"1907",2,9,0.526992287917738
"2257",2,9,0.876315789473684
"2264",2,9,0.239473684210526
"2271",2,9,0.755263157894737
"2278",2,9,0.689473684210526
"2635",2,9,0.614173228346457
"2642",2,9,0.595800524934383
"101",2,10,0.53015873015873
"108",2,10,0.631746031746032
"465",2,10,0.519402985074627
"486",2,10,0.597014925373134
"829",2,10,0.658536585365854
"843",2,10,0.61890243902439
"1193",2,10,0.609042553191489
"1207",2,10,0.829787234042553
"1557",2,10,0.248633879781421
"1564",2,10,0.83879781420765
"1578",2,10,0.366120218579235
"1928",2,10,0.802056555269923
"1935",2,10,0.719794344473008
"1949",2,10,0.616966580976864
"2299",2,10,0.618421052631579
"2313",2,10,0.705263157894737
"2656",2,10,0.320209973753281
"2663",2,10,0.388451443569554
"2670",2,10,0.42257217847769
"129",2,11,0.352380952380952
"136",2,11,0.777777777777778
"500",2,11,0.737313432835821
"507",2,11,0.597014925373134
"857",2,11,0.408536585365854
"871",2,11,0.939024390243902
"878",2,11,0.594512195121951
"1228",2,11,0.944148936170213
"1235",2,11,0.75
"1242",2,11,0.88031914893617
"1599",2,11,0.844262295081967
"1606",2,11,0.909836065573771
"1613",2,11,0.87431693989071
"1956",2,11,0.652956298200514
"1963",2,11,0.491002570694087
"1970",2,11,0.858611825192802
"1977",2,11,0.496143958868895
"2320",2,11,0.594736842105263
"2327",2,11,0.792105263157895
"2334",2,11,0.636842105263158
"2341",2,11,0.410526315789474
"2691",2,11,0.509186351706037
"2698",2,11,0.601049868766404
"164",2,12,0.555555555555556
"171",2,12,0.768253968253968
"521",2,12,0.456716417910448
"528",2,12,0.414925373134328
"535",2,12,0.904477611940299
"542",2,12,0.343283582089552
"549",2,12,0.194029850746269
"885",2,12,0.63109756097561
"892",2,12,0.734756097560976
"913",2,12,0.198170731707317
"1249",2,12,0.914893617021277
"1256",2,12,0.574468085106383
"1263",2,12,0.938829787234043
"1270",2,12,0.789893617021277
"1277",2,12,0.348404255319149
"1620",2,12,0.762295081967213
"1627",2,12,0.540983606557377
"1641",2,12,0.37431693989071
"1984",2,12,0.637532133676093
"1991",2,12,0.593830334190231
"1998",2,12,0.516709511568123
"2005",2,12,0.223650385604113
"2348",2,12,0.607894736842105
"2362",2,12,0.731578947368421
"2712",2,12,0.574803149606299
"2719",2,12,0.698162729658793
"2726",2,12,0.784776902887139
"2733",2,12,0.338582677165354
"2740",2,12,0.110236220472441
"186",3,1,0.238805970149254
"200",3,1,0.53134328358209
"214",3,1,0.28955223880597
"564",3,1,0.545731707317073
"571",3,1,0.286585365853659
"921",3,1,0.361702127659574
"928",3,1,0.276595744680851
"942",3,1,0.148936170212766
"1292",3,1,0.472677595628415
"1299",3,1,0.521857923497268
"1649",3,1,0.344473007712082
"1656",3,1,0.444730077120823
"1663",3,1,0.239074550128535
"1670",3,1,0.308483290488432
"2034",3,1,0.426315789473684
"2041",3,1,0.376315789473684
"2377",3,1,0.26509186351706
"2384",3,1,0.296587926509186
"2391",3,1,0.467191601049869
"2405",3,1,0.601049868766404
"221",3,2,0.495522388059702
"235",3,2,0.328358208955224
"242",3,2,0.447761194029851
"585",3,2,0.195121951219512
"592",3,2,0.719512195121951
"599",3,2,0.451219512195122
"606",3,2,0.326219512195122
"956",3,2,0.553191489361702
"970",3,2,0.601063829787234
"1327",3,2,0.254098360655738
"1334",3,2,0.622950819672131
"1677",3,2,0.303341902313625
"1684",3,2,0.557840616966581
"1691",3,2,0.377892030848329
"2048",3,2,0.526315789473684
"2069",3,2,0.528947368421053
"2412",3,2,0.561679790026247
"2419",3,2,0.624671916010499
"2426",3,2,0.561679790026247
"2433",3,2,0.335958005249344
"249",3,3,0.223880597014925
"256",3,3,0.704477611940298
"263",3,3,0.417910447761194
"270",3,3,0.122388059701493
"613",3,3,0.265243902439024
"620",3,3,0.338414634146341
"627",3,3,0.36890243902439
"634",3,3,0.484756097560976
"977",3,3,0.457446808510638
"984",3,3,0.433510638297872
"991",3,3,0.38563829787234
"1341",3,3,0.603825136612022
"1355",3,3,0.538251366120219
"1362",3,3,0.516393442622951
"1369",3,3,0.595628415300546
"1705",3,3,0.295629820051414
"1712",3,3,0.393316195372751
"1719",3,3,0.498714652956298
"1726",3,3,0.413881748071979
"1733",3,3,0.555269922879177
"2076",3,3,0.168421052631579
"2083",3,3,0.523684210526316
"2440",3,3,0.493438320209974
"2461",3,3,0.42257217847769
"277",3,4,0.394029850746269
"284",3,4,0.537313432835821
"291",3,4,0.402985074626866
"298",3,4,0.591044776119403
"648",3,4,0.582317073170732
"655",3,4,0.50609756097561
"662",3,4,0.402439024390244
"669",3,4,0.753048780487805
"1005",3,4,0.654255319148936
"1012",3,4,0.146276595744681
"1019",3,4,0.513297872340426
"1026",3,4,0.441489361702128
"1033",3,4,0.736702127659574
"1376",3,4,0.53551912568306
"1383",3,4,0.73224043715847
"1390",3,4,0.724043715846995
"1740",3,4,0.336760925449871
"1754",3,4,0.318766066838046
"1761",3,4,0.447300771208226
"2104",3,4,0.265789473684211
"2118",3,4,0.55
"2125",3,4,0.455263157894737
"2468",3,4,0.556430446194226
"2475",3,4,0.608923884514436
"2482",3,4,0.57742782152231
"312",3,5,0.656716417910448
"319",3,5,0.394029850746269
"326",3,5,0.507462686567164
"333",3,5,0.519402985074627
"697",3,5,0.408536585365854
"1047",3,5,0.672872340425532
"1054",3,5,0.702127659574468
"1061",3,5,0.784574468085106
"1404",3,5,0.603825136612022
"1418",3,5,0.666666666666667
"1768",3,5,0.663239074550129
"1775",3,5,0.544987146529563
"1782",3,5,0.763496143958869
"1789",3,5,0.475578406169666
"2132",3,5,0.892105263157895
"2139",3,5,0.678947368421053
"2146",3,5,0.613157894736842
"2503",3,5,0.650918635170604
"2510",3,5,0.761154855643045
"2517",3,5,0.766404199475066
"2524",3,5,0.5249343832021
"347",3,6,0.641791044776119
"354",3,6,0.662686567164179
"361",3,6,0.659701492537313
"711",3,6,0.524390243902439
"718",3,6,0.789634146341463
"1068",3,6,0.680851063829787
"1082",3,6,0.808510638297872
"1432",3,6,0.92896174863388
"1439",3,6,0.904371584699454
"1453",3,6,0.871584699453552
"1803",3,6,0.562982005141388
"1810",3,6,0.766066838046273
"1817",3,6,0.740359897172236
"2174",3,6,0.66578947368421
"2531",3,6,0.666666666666667
"389",3,7,0.51044776119403
"732",3,7,0.774390243902439
"739",3,7,0.503048780487805
"746",3,7,0.448170731707317
"753",3,7,0.570121951219512
"1096",3,7,0.747340425531915
"1117",3,7,0.574468085106383
"2209",3,7,0.618421052631579
"2573",3,7,0.601049868766404
"2580",3,7,0.590551181102362
"60",3,8,0.466666666666667
"410",3,8,0.662686567164179
"774",3,8,0.51219512195122
"1509",3,8,0.617486338797814
"1880",3,8,0.444730077120823
"1887",3,8,0.552699228791774
"2237",3,8,0.505263157894737
"67",3,9,0.628571428571429
"81",3,9,0.663492063492063
"431",3,9,0.608955223880597
"438",3,9,0.525373134328358
"795",3,9,0.536585365853659
"802",3,9,0.652439024390244
"816",3,9,0.49390243902439
"1166",3,9,0.898936170212766
"1180",3,9,0.263297872340426
"1187",3,9,0.617021276595745
"1530",3,9,0.590163934426229
"1537",3,9,0.948087431693989
"1551",3,9,0.560109289617486
"1894",3,9,0.390745501285347
"1908",3,9,0.326478149100257
"2272",3,9,0.173684210526316
"2279",3,9,0.794736842105263
"2636",3,9,0.535433070866142
"2643",3,9,0.532808398950131
"102",3,10,0.752380952380952
"123",3,10,0.463492063492064
"459",3,10,0.737313432835821
"466",3,10,0.385074626865672
"823",3,10,0.472560975609756
"830",3,10,0.716463414634146
"844",3,10,0.926829268292683
"1215",3,10,0.763297872340426
"1558",3,10,0.718579234972678
"1579",3,10,0.748633879781421
"1936",3,10,0.722365038560411
"1943",3,10,0.493573264781491
"2300",3,10,0.647368421052632
"2307",3,10,0.7
"2314",3,10,0.507894736842105
"2650",3,10,0.753280839895013
"2664",3,10,0.674540682414698
"2671",3,10,0.703412073490814
"137",3,11,0.704761904761905
"144",3,11,0.907936507936508
"151",3,11,0.346031746031746
"501",3,11,0.576119402985075
"508",3,11,0.617910447761194
"872",3,11,0.698170731707317
"1229",3,11,0.340425531914894
"1600",3,11,0.745901639344262
"1614",3,11,0.814207650273224
"1957",3,11,0.529562982005141
"1971",3,11,0.817480719794344
"1978",3,11,0.629820051413882
"2321",3,11,0.639473684210526
"2328",3,11,0.618421052631579
"2335",3,11,0.734210526315789
"2342",3,11,0.315789473684211
"2685",3,11,0.561679790026247
"2692",3,11,0.519685039370079
"2699",3,11,0.328083989501312
"158",3,12,0.352380952380952
"172",3,12,0.593650793650794
"179",3,12,0.406349206349206
"529",3,12,0.611940298507463
"536",3,12,0.898507462686567
"886",3,12,0.503048780487805
"900",3,12,0.460365853658537
"907",3,12,0.350609756097561
"1250",3,12,0.672872340425532
"1264",3,12,0.720744680851064
"1278",3,12,0.263297872340426
"1621",3,12,0.560109289617486
"1628",3,12,0.702185792349727
"1635",3,12,0.666666666666667
"1642",3,12,0.311475409836066
"1985",3,12,0.501285347043702
"1992",3,12,0.650385604113111
"1999",3,12,0.627249357326478
"2006",3,12,0.311053984575835
"2356",3,12,0.468421052631579
"2363",3,12,0.778947368421053
"2370",3,12,0.160526315789474
"2713",3,12,0.396325459317585
"2720",3,12,0.464566929133858
"2727",3,12,0.78740157480315
"187",4,1,0.444776119402985
"194",4,1,0.462686567164179
"201",4,1,0.271641791044776
"215",4,1,0.573134328358209
"551",4,1,0.606707317073171
"558",4,1,0.478658536585366
"579",4,1,0.771341463414634
"929",4,1,0.388297872340426
"943",4,1,0.311170212765957
"1293",4,1,0.450819672131148
"1300",4,1,0.639344262295082
"1650",4,1,0.246786632390745
"1657",4,1,0.488431876606684
"1664",4,1,0.395886889460154
"1671",4,1,0.275064267352185
"2028",4,1,0.476315789473684
"2035",4,1,0.392105263157895
"2378",4,1,0.270341207349081
"2385",4,1,0.469816272965879
"2392",4,1,0.485564304461942
"2399",4,1,0.501312335958005
"222",4,2,0.376119402985075
"229",4,2,0.68955223880597
"236",4,2,0.292537313432836
"586",4,2,0.503048780487805
"600",4,2,0.463414634146341
"607",4,2,0.509146341463415
"950",4,2,0.444148936170213
"964",4,2,0.300531914893617
"971",4,2,0.36436170212766
"1314",4,2,0.483606557377049
"1321",4,2,0.519125683060109
"1328",4,2,0.437158469945355
"1335",4,2,0.631147540983607
"1678",4,2,0.334190231362468
"1692",4,2,0.503856041131105
"2042",4,2,0.371052631578947
"2049",4,2,0.428947368421053
"2063",4,2,0.255263157894737
"2413",4,2,0.490813648293963
"2420",4,2,0.690288713910761
"2427",4,2,0.514435695538058
"2434",4,2,0.782152230971129
"257",4,3,0.46865671641791
"264",4,3,0.322388059701493
"271",4,3,0.444776119402985
"614",4,3,0.469512195121951
"621",4,3,0.429878048780488
"628",4,3,0.679878048780488
"635",4,3,0.408536585365854
"985",4,3,0.48936170212766
"992",4,3,0.478723404255319
"999",4,3,0.327127659574468
"1342",4,3,0.527322404371585
"1363",4,3,0.554644808743169
"1706",4,3,0.506426735218509
"1713",4,3,0.537275064267352
"1727",4,3,0.634961439588689
"1734",4,3,0.470437017994859
"2077",4,3,0.473684210526316
"2084",4,3,0.621052631578947
"2091",4,3,0.807894736842105
"2441",4,3,0.406824146981627
"2455",4,3,0.585301837270341
"278",4,4,0.495522388059702
"285",4,4,0.349253731343284
"292",4,4,0.456716417910448
"299",4,4,0.546268656716418
"642",4,4,0.573170731707317
"656",4,4,0.317073170731707
"663",4,4,0.554878048780488
"1020",4,4,0.420212765957447
"1027",4,4,0.558510638297872
"1034",4,4,0.632978723404255
"1384",4,4,0.66120218579235
"1391",4,4,0.715846994535519
"1741",4,4,0.660668380462725
"1748",4,4,0.344473007712082
"1755",4,4,0.452442159383033
"2105",4,4,0.205263157894737
"2126",4,4,0.726315789473684
"2469",4,4,0.679790026246719
"2476",4,4,0.356955380577428
"2483",4,4,0.364829396325459
"306",4,5,0.552238805970149
"320",4,5,0.474626865671642
"334",4,5,0.850746268656716
"670",4,5,0.75
"684",4,5,0.777439024390244
"698",4,5,0.789634146341463
"1055",4,5,0.566489361702128
"1062",4,5,0.74468085106383
"1405",4,5,0.530054644808743
"1419",4,5,0.715846994535519
"1426",4,5,0.846994535519126
"1769",4,5,0.629820051413882
"1776",4,5,0.591259640102828
"1790",4,5,0.735218508997429
"2140",4,5,0.552631578947368
"2504",4,5,0.503937007874016
"348",4,6,0.402985074626866
"705",4,6,0.503048780487805
"712",4,6,0.484756097560976
"726",4,6,0.810975609756098
"1069",4,6,0.398936170212766
"1076",4,6,0.702127659574468
"1433",4,6,0.685792349726776
"1440",4,6,0.693989071038251
"1447",4,6,0.702185792349727
"2189",4,6,0.747368421052632
"2532",4,6,0.900262467191601
"2539",4,6,0.611548556430446
"26",4,7,0.638095238095238
"376",4,7,0.447761194029851
"390",4,7,0.319402985074627
"740",4,7,0.548780487804878
"754",4,7,0.411585365853659
"1104",4,7,0.438829787234043
"1111",4,7,0.75531914893617
"1475",4,7,0.844262295081967
"2217",4,7,0.402631578947368
"411",4,8,0.594029850746269
"425",4,8,0.513432835820895
"768",4,8,0.551829268292683
"775",4,8,0.673780487804878
"789",4,8,0.652439024390244
"1146",4,8,0.526595744680851
"1888",4,8,0.416452442159383
"2224",4,8,0.707894736842105
"2238",4,8,0.510526315789474
"2245",4,8,0.413157894736842
"2595",4,8,0.643044619422572
"2602",4,8,0.417322834645669
"82",4,9,0.377777777777778
"432",4,9,0.277611940298507
"439",4,9,0.880597014925373
"446",4,9,0.405970149253731
"453",4,9,0.346268656716418
"810",4,9,0.75
"817",4,9,0.265243902439024
"1538",4,9,0.887978142076503
"1552",4,9,0.524590163934426
"1895",4,9,0.858611825192802
"1909",4,9,0.203084832904884
"1916",4,9,0.730077120822622
"2273",4,9,0.542105263157895
"2280",4,9,0.576315789473684
"2630",4,9,0.755905511811024
"2637",4,9,0.535433070866142
"103",4,10,0.806349206349206
"467",4,10,0.474626865671642
"481",4,10,0.692537313432836
"824",4,10,0.469512195121951
"831",4,10,0.289634146341463
"838",4,10,0.603658536585366
"845",4,10,0.716463414634146
"852",4,10,0.676829268292683
"1188",4,10,0.747340425531915
"1195",4,10,0.702127659574468
"1209",4,10,0.702127659574468
"1573",4,10,0.628415300546448
"1923",4,10,0.516709511568123
"1930",4,10,0.377892030848329
"1944",4,10,0.519280205655527
"2294",4,10,0.757894736842105
"2301",4,10,0.742105263157895
"2308",4,10,0.815789473684211
"2651",4,10,0.758530183727034
"2658",4,10,0.561679790026247
"2665",4,10,0.543307086614173
"2679",4,10,0.564304461942257
"131",4,11,0.466666666666667
"138",4,11,0.698412698412698
"152",4,11,0.355555555555556
"495",4,11,0.734328358208955
"502",4,11,0.656716417910448
"859",4,11,0.75609756097561
"873",4,11,0.704268292682927
"1230",4,11,0.625
"1587",4,11,0.702185792349727
"1594",4,11,0.748633879781421
"1601",4,11,0.751366120218579
"1958",4,11,0.632390745501285
"1965",4,11,0.912596401028278
"1979",4,11,0.532133676092545
"2322",4,11,0.468421052631579
"2343",4,11,0.507894736842105
"2693",4,11,0.377952755905512
"2700",4,11,0.645669291338583
"173",4,12,0.644444444444444
"180",4,12,0.387301587301587
"523",4,12,0.516417910447761
"530",4,12,0.740298507462687
"537",4,12,0.617910447761194
"887",4,12,0.615853658536585
"894",4,12,0.807926829268293
"901",4,12,0.661585365853659
"1251",4,12,0.587765957446808
"1258",4,12,0.707446808510638
"1272",4,12,0.534574468085106
"1615",4,12,0.825136612021858
"1622",4,12,0.554644808743169
"1629",4,12,0.866120218579235
"1643",4,12,0.300546448087432
"1986",4,12,0.609254498714653
"2000",4,12,0.735218508997429
"2350",4,12,0.6
"2357",4,12,0.613157894736842
"2371",4,12,0.339473684210526
"2714",4,12,0.514435695538058
"2721",4,12,0.519685039370079
"2728",4,12,0.782152230971129
"188",5,1,0.313432835820896
"202",5,1,0.480597014925373
"580",5,1,0.475609756097561
"916",5,1,0.106382978723404
"930",5,1,0.428191489361702
"1287",5,1,0.46448087431694
"1301",5,1,0.737704918032787
"1658",5,1,0.380462724935733
"1672",5,1,0.326478149100257
"2015",5,1,0.65
"2022",5,1,0.660526315789474
"2029",5,1,0.384210526315789
"2036",5,1,0.589473684210526
"2379",5,1,0.517060367454068
"2386",5,1,0.637795275590551
"2400",5,1,0.695538057742782
"216",5,2,0.519402985074627
"237",5,2,0.391044776119403
"587",5,2,0.826219512195122
"601",5,2,0.429878048780488
"608",5,2,0.765243902439024
"1315",5,2,0.478142076502732
"1329",5,2,0.273224043715847
"1336",5,2,0.120218579234973
"1679",5,2,0.393316195372751
"1686",5,2,0.647814910025707
"1693",5,2,0.575835475578406
"2043",5,2,0.431578947368421
"2050",5,2,0.342105263157895
"2057",5,2,0.339473684210526
"2414",5,2,0.68241469816273
"2421",5,2,0.564304461942257
"244",5,3,0.605970149253731
"258",5,3,0.617910447761194
"265",5,3,0.608955223880597
"272",5,3,0.358208955223881
"615",5,3,0.393292682926829
"622",5,3,0.551829268292683
"629",5,3,0.564024390243902
"636",5,3,0.384146341463415
"986",5,3,0.550531914893617
"993",5,3,0.446808510638298
"1000",5,3,0.345744680851064
"1343",5,3,0.691256830601093
"1350",5,3,0.655737704918033
"1357",5,3,0.579234972677596
"1364",5,3,0.311475409836066
"1707",5,3,0.74293059125964
"1714",5,3,0.401028277634961
"1721",5,3,0.77120822622108
"1728",5,3,0.508997429305913
"1735",5,3,0.763496143958869
"2078",5,3,0.784210526315789
"2085",5,3,0.789473684210526
"2442",5,3,0.658792650918635
"2449",5,3,0.713910761154856
"2456",5,3,0.832020997375328
"279",5,4,0.543283582089552
"286",5,4,0.743283582089552
"293",5,4,0.507462686567164
"643",5,4,0.664634146341463
"650",5,4,0.625
"657",5,4,0.280487804878049
"664",5,4,0.649390243902439
"1007",5,4,0.236702127659574
"1014",5,4,0.223404255319149
"1021",5,4,0.736702127659574
"1028",5,4,0.728723404255319
"1371",5,4,0.737704918032787
"1378",5,4,0.721311475409836
"1385",5,4,0.822404371584699
"1399",5,4,0.23224043715847
"1742",5,4,0.611825192802057
"1756",5,4,0.601542416452442
"2106",5,4,0.163157894736842
"2113",5,4,0.794736842105263
"2120",5,4,0.668421052631579
"2470",5,4,0.78740157480315
"2484",5,4,0.393700787401575
"2491",5,4,0.259842519685039
"307",5,5,0.853731343283582
"328",5,5,0.8
"685",5,5,0.902439024390244
"692",5,5,0.780487804878049
"1035",5,5,0.638297872340426
"1406",5,5,0.808743169398907
"1770",5,5,0.822622107969152
"1777",5,5,0.928020565552699
"1791",5,5,0.822622107969152
"2134",5,5,0.710526315789474
"2141",5,5,0.926315789473684
"2148",5,5,0.428947368421053
"2155",5,5,0.910526315789474
"2505",5,5,0.679790026246719
"2519",5,5,0.858267716535433
"2526",5,5,0.955380577427822
"349",5,6,0.874626865671642
"363",5,6,0.62089552238806
"713",5,6,0.926829268292683
"727",5,6,0.780487804878049
"1084",5,6,0.877659574468085
"1812",5,6,0.516709511568123
"1819",5,6,0.866323907455013
"1826",5,6,0.748071979434447
"2540",5,6,0.913385826771654
"2547",5,6,0.971128608923885
"20",5,7,0.638095238095238
"370",5,7,0.525373134328358
"377",5,7,0.594029850746269
"384",5,7,0.886567164179105
"391",5,7,0.647761194029851
"1105",5,7,0.816489361702128
"1126",5,7,0.933510638297872
"1469",5,7,0.491803278688525
"1483",5,7,0.920765027322404
"1833",5,7,0.560411311053985
"1840",5,7,0.645244215938303
"2197",5,7,0.528947368421053
"2568",5,7,0.908136482939633
"34",5,8,0.59047619047619
"41",5,8,0.679365079365079
"398",5,8,0.674626865671642
"405",5,8,0.534328358208955
"419",5,8,0.704477611940298
"426",5,8,0.594029850746269
"776",5,8,0.359756097560976
"783",5,8,0.5
"790",5,8,0.692073170731707
"2253",5,8,0.447368421052632
"83",5,9,0.796825396825397
"90",5,9,0.952380952380952
"440",5,9,0.752238805970149
"454",5,9,0.456716417910448
"811",5,9,0.74390243902439
"818",5,9,0.728658536585366
"1161",5,9,0.640957446808511
"1182",5,9,0.486702127659574
"1525",5,9,0.724043715846995
"1539",5,9,0.950819672131147
"1889",5,9,0.57840616966581
"1896",5,9,0.730077120822622
"1910",5,9,0.406169665809769
"1917",5,9,0.773778920308483
"2260",5,9,0.573684210526316
"2281",5,9,0.681578947368421
"2631",5,9,0.750656167979003
"2645",5,9,0.792650918635171
"104",5,10,0.606349206349206
"468",5,10,0.659701492537313
"475",5,10,0.835820895522388
"482",5,10,0.737313432835821
"825",5,10,0.960365853658537
"832",5,10,0.417682926829268
"839",5,10,0.74390243902439
"846",5,10,0.807926829268293
"853",5,10,0.804878048780488
"1196",5,10,0.962765957446808
"1203",5,10,0.728723404255319
"1210",5,10,0.904255319148936
"1217",5,10,0.76063829787234
"1567",5,10,0.915300546448087
"1581",5,10,1
"1931",5,10,0.519280205655527
"1938",5,10,0.943444730077121
"1945",5,10,0.778920308483291
"2288",5,10,0.902631578947368
"2295",5,10,0.992105263157895
"2302",5,10,0.878947368421053
"2309",5,10,0.773684210526316
"2652",5,10,0.805774278215223
"2659",5,10,0.538057742782152
"2666",5,10,0.611548556430446
"132",5,11,0.904761904761905
"153",5,11,0.549206349206349
"489",5,11,0.925373134328358
"496",5,11,0.841791044776119
"503",5,11,0.647761194029851
"510",5,11,0.901492537313433
"517",5,11,0.11044776119403
"860",5,11,0.722560975609756
"867",5,11,0.76219512195122
"874",5,11,0.832317073170732
"881",5,11,0.121951219512195
"1224",5,11,0.569148936170213
"1231",5,11,0.731382978723404
"1588",5,11,0.942622950819672
"1595",5,11,0.636612021857924
"1602",5,11,0.939890710382514
"1959",5,11,0.688946015424165
"1966",5,11,0.920308483290488
"2316",5,11,0.771052631578947
"2330",5,11,0.702631578947368
"2344",5,11,0.763157894736842
"2687",5,11,0.721784776902887
"2694",5,11,0.57742782152231
"2701",5,11,0.608923884514436
"167",5,12,0.777777777777778
"181",5,12,0.488888888888889
"531",5,12,0.880597014925373
"545",5,12,0.226865671641791
"888",5,12,0.820121951219512
"895",5,12,0.86280487804878
"909",5,12,0.128048780487805
"1252",5,12,0.73936170212766
"1266",5,12,0.970744680851064
"1616",5,12,0.704918032786885
"1623",5,12,0.734972677595628
"1637",5,12,0.710382513661202
"1644",5,12,0.412568306010929
"1980",5,12,0.812339331619537
"1987",5,12,0.580976863753213
"2351",5,12,0.663157894736842
"2365",5,12,0.865789473684211
"2372",5,12,0.6
"2715",5,12,0.425196850393701
"2722",5,12,0.942257217847769
"2729",5,12,0.779527559055118
"196",6,1,0.223880597014925
"203",6,1,0.250746268656716
"210",6,1,0.471641791044776
"560",6,1,0.185975609756098
"567",6,1,0.134146341463415
"574",6,1,0.216463414634146
"917",6,1,0.143617021276596
"924",6,1,0.210106382978723
"931",6,1,0.247340425531915
"938",6,1,0.0691489361702128
"945",6,1,0.329787234042553
"1288",6,1,0.333333333333333
"1295",6,1,0.35792349726776
"1309",6,1,0.448087431693989
"1659",6,1,0.10025706940874
"1666",6,1,0.0488431876606684
"1673",6,1,0.115681233933162
"2023",6,1,0.394736842105263
"2030",6,1,0.202631578947368
"2037",6,1,0.15
"2380",6,1,0.141732283464567
"2387",6,1,0.312335958005249
"2394",6,1,0.204724409448819
"2401",6,1,0.346456692913386
"217",6,2,0.4
"231",6,2,0.146268656716418
"588",6,2,0.0609756097560976
"595",6,2,0.341463414634146
"602",6,2,0.557926829268293
"973",6,2,0.361702127659574
"1316",6,2,0.330601092896175
"1323",6,2,0.131147540983607
"1330",6,2,0.336065573770492
"1680",6,2,0.218508997429306
"1687",6,2,0.141388174807198
"2058",6,2,0.397368421052632
"2065",6,2,0.228947368421053
"2408",6,2,0.461942257217848
"2415",6,2,0.364829396325459
"2422",6,2,0.351706036745407
"245",6,3,0.22089552238806
"252",6,3,0.504477611940298
"259",6,3,0.361194029850746
"266",6,3,0.262686567164179
"273",6,3,0.337313432835821
"616",6,3,0.338414634146341
"623",6,3,0.350609756097561
"630",6,3,0.271341463414634
"637",6,3,0.503048780487805
"980",6,3,0.468085106382979
"987",6,3,0.279255319148936
"1001",6,3,0.151595744680851
"1344",6,3,0.461748633879781
"1358",6,3,0.295081967213115
"1365",6,3,0.26775956284153
"1708",6,3,0.205655526992288
"1715",6,3,0.236503856041131
"1722",6,3,0.123393316195373
"1729",6,3,0.295629820051414
"2079",6,3,0.3
"2086",6,3,0.286842105263158
"2100",6,3,0.357894736842105
"2436",6,3,0.63254593175853
"2450",6,3,0.391076115485564
"2457",6,3,0.338582677165354
"280",6,4,0.391044776119403
"287",6,4,0.462686567164179
"294",6,4,0.394029850746269
"644",6,4,0.536585365853659
"658",6,4,0.36890243902439
"665",6,4,0.439024390243902
"1008",6,4,0.279255319148936
"1015",6,4,0.462765957446808
"1029",6,4,0.50531914893617
"1372",6,4,0.450819672131148
"1379",6,4,0.341530054644809
"1386",6,4,0.674863387978142
"1393",6,4,0.592896174863388
"1400",6,4,0.407103825136612
"1736",6,4,0.347043701799486
"1743",6,4,0.439588688946015
"1757",6,4,0.244215938303342
"1764",6,4,0.526992287917738
"2107",6,4,0.0894736842105263
"2114",6,4,0.45
"2121",6,4,0.344736842105263
"2478",6,4,0.519685039370079
"2485",6,4,0.144356955380577
"2492",6,4,0.328083989501312
"308",6,5,0.537313432835821
"315",6,5,0.367164179104478
"329",6,5,0.340298507462687
"679",6,5,0.442073170731707
"686",6,5,0.655487804878049
"693",6,5,0.25
"700",6,5,0.557926829268293
"1057",6,5,0.382978723404255
"1407",6,5,0.379781420765027
"1428",6,5,0.532786885245902
"1771",6,5,0.588688946015424
"1778",6,5,0.583547557840617
"1785",6,5,0.401028277634961
"2135",6,5,0.392105263157895
"2149",6,5,0.342105263157895
"2156",6,5,0.389473684210526
"2506",6,5,0.619422572178478
"2520",6,5,0.312335958005249
"343",6,6,0.51044776119403
"364",6,6,0.570149253731343
"1071",6,6,0.521276595744681
"1085",6,6,0.273936170212766
"1442",6,6,0.415300546448087
"1456",6,6,0.699453551912568
"1813",6,6,0.508997429305913
"2163",6,6,0.444736842105263
"2184",6,6,0.157894736842105
"2534",6,6,0.469816272965879
"2548",6,6,0.614173228346457
"371",6,7,0.346268656716418
"385",6,7,0.450746268656716
"392",6,7,0.346268656716418
"735",6,7,0.307926829268293
"1463",6,7,0.377049180327869
"1484",6,7,0.595628415300546
"1827",6,7,0.3573264781491
"1834",6,7,0.331619537275064
"1855",6,7,0.143958868894602
"2198",6,7,0.192105263157895
"2212",6,7,0.444736842105263
"35",6,8,0.523809523809524
"42",6,8,0.33015873015873
"399",6,8,0.274626865671642
"406",6,8,0.283582089552239
"420",6,8,0.37910447761194
"763",6,8,0.414634146341463
"784",6,8,0.152439024390244
"1127",6,8,0.707446808510638
"1134",6,8,0.38031914893617
"1876",6,8,0.467866323907455
"2240",6,8,0.331578947368421
"2597",6,8,0.448818897637795
"2611",6,8,0.296587926509186
"70",6,9,0.619047619047619
"77",6,9,0.488888888888889
"84",6,9,0.457142857142857
"434",6,9,0.552238805970149
"441",6,9,0.355223880597015
"798",6,9,0.454268292682927
"805",6,9,0.469512195121951
"1162",6,9,0.36968085106383
"1169",6,9,0.404255319148936
"1183",6,9,0.412234042553192
"1547",6,9,0.491803278688525
"1911",6,9,0.44987146529563
"2254",6,9,0.2
"2275",6,9,0.286842105263158
"98",6,10,0.307936507936508
"112",6,10,0.584126984126984
"119",6,10,0.384126984126984
"469",6,10,0.465671641791045
"476",6,10,0.211940298507463
"483",6,10,0.674626865671642
"826",6,10,0.38719512195122
"833",6,10,0.432926829268293
"847",6,10,0.338414634146341
"1190",6,10,0.409574468085106
"1197",6,10,0.656914893617021
"1204",6,10,0.433510638297872
"1211",6,10,0.311170212765957
"1554",6,10,0.407103825136612
"1575",6,10,0.538251366120219
"1582",6,10,0.497267759562842
"2296",6,10,0.326315789473684
"2303",6,10,0.463157894736842
"2653",6,10,0.409448818897638
"2660",6,10,0.26509186351706
"2667",6,10,0.485564304461942
"2674",6,10,0.325459317585302
"140",6,11,0.441269841269841
"147",6,11,0.174603174603175
"490",6,11,0.450746268656716
"497",6,11,0.51044776119403
"511",6,11,0.405970149253731
"861",6,11,0.423780487804878
"868",6,11,0.38109756097561
"875",6,11,0.329268292682927
"1225",6,11,0.26063829787234
"1232",6,11,0.561170212765957
"1239",6,11,0.518617021276596
"1596",6,11,0.467213114754098
"1603",6,11,0.710382513661202
"1953",6,11,0.403598971722365
"1960",6,11,0.429305912596401
"1967",6,11,0.444730077120823
"2317",6,11,0.534210526315789
"2324",6,11,0.402631578947368
"2331",6,11,0.278947368421053
"2338",6,11,0.218421052631579
"2681",6,11,0.275590551181102
"2688",6,11,0.26509186351706
"2695",6,11,0.330708661417323
"2702",6,11,0.333333333333333
"2709",6,11,0.167979002624672
"154",6,12,0.244444444444444
"175",6,12,0.441269841269841
"182",6,12,0.123809523809524
"525",6,12,0.498507462686567
"546",6,12,0.223880597014925
"889",6,12,0.682926829268293
"896",6,12,0.579268292682927
"903",6,12,0.307926829268293
"1260",6,12,0.468085106382979
"1267",6,12,0.590425531914894
"1617",6,12,0.437158469945355
"1624",6,12,0.336065573770492
"1631",6,12,0.521857923497268
"1638",6,12,0.333333333333333
"1645",6,12,0.0901639344262295
"1981",6,12,0.305912596401028
"1988",6,12,0.210796915167095
"1995",6,12,0.526992287917738
"2002",6,12,0.280205655526992
"2352",6,12,0.523684210526316
"2359",6,12,0.460526315789474
"2366",6,12,0.302631578947368
"2373",6,12,0.121052631578947
"2716",6,12,0.433070866141732
"2723",6,12,0.461942257217848
"211",7,1,0.0865671641791045
"575",7,1,0.185975609756098
"939",7,1,0.0106382978723404
"1282",7,1,0
"1289",7,1,0.0819672131147541
"1296",7,1,0.0519125683060109
"1303",7,1,0.23224043715847
"1310",7,1,0.273224043715847
"1646",7,1,0.0745501285347044
"1660",7,1,0.0874035989717224
"2024",7,1,0.107894736842105
"2395",7,1,0.026246719160105
"218",7,2,0.134328358208955
"225",7,2,0
"232",7,2,0.140298507462687
"239",7,2,0.0776119402985075
"582",7,2,0.0396341463414634
"596",7,2,0.182926829268293
"960",7,2,0.138297872340426
"967",7,2,0.311170212765957
"1338",7,2,0.210382513661202
"1702",7,2,0.0154241645244216
"2045",7,2,0.231578947368421
"2052",7,2,0.068421052631579
"2059",7,2,0.05
"2409",7,2,0.233595800524934
"2416",7,2,0.115485564304462
"2423",7,2,0.0997375328083989
"2430",7,2,0
"253",7,3,0.0447761194029851
"260",7,3,0.0776119402985075
"267",7,3,0.152238805970149
"617",7,3,0
"624",7,3,0.024390243902439
"631",7,3,0.0701219512195122
"638",7,3,0.100609756097561
"981",7,3,0.164893617021277
"988",7,3,0.151595744680851
"995",7,3,0.0797872340425532
"1002",7,3,0.273936170212766
"1352",7,3,0.00819672131147541
"1359",7,3,0.128415300546448
"1709",7,3,0.0848329048843188
"1716",7,3,0.154241645244216
"1723",7,3,0.241645244215938
"1730",7,3,0
"2073",7,3,0.0105263157894737
"2080",7,3,0.0315789473684211
"2087",7,3,0.192105263157895
"2094",7,3,0.1
"2444",7,3,0.16010498687664
"2451",7,3,0.047244094488189
"2458",7,3,0.170603674540682
"2465",7,3,0.128608923884514
"295",7,4,0.211940298507463
"645",7,4,0.24390243902439
"652",7,4,0.23780487804878
"666",7,4,0.13719512195122
"1009",7,4,0.0531914893617021
"1016",7,4,0.109042553191489
"1023",7,4,0.183510638297872
"1373",7,4,0.418032786885246
"1380",7,4,0.183060109289617
"1387",7,4,0.371584699453552
"1394",7,4,0.0437158469945355
"1737",7,4,0.149100257069409
"1744",7,4,0.218508997429306
"1751",7,4,0.06426735218509
"1758",7,4,0.15681233933162
"1765",7,4,0.0359897172236504
"2108",7,4,0.0394736842105263
"2115",7,4,0.15
"2129",7,4,0.136842105263158
"309",7,5,0.343283582089552
"316",7,5,0.37910447761194
"330",7,5,0.164179104477612
"673",7,5,0.143292682926829
"687",7,5,0.314024390243902
"1051",7,5,0.375
"1058",7,5,0.0797872340425532
"1065",7,5,0.406914893617021
"1415",7,5,0.213114754098361
"1422",7,5,0.379781420765027
"1779",7,5,0.455012853470437
"2143",7,5,0.2
"2150",7,5,0.328947368421053
"2157",7,5,0.0894736842105263
"2500",7,5,0.335958005249344
"2507",7,5,0.493438320209974
"2521",7,5,0.286089238845144
"337",7,6,0.259701492537313
"351",7,6,0.229850746268657
"715",7,6,0.216463414634146
"1079",7,6,0.468085106382979
"1093",7,6,0.353723404255319
"1443",7,6,0.423497267759563
"1814",7,6,0.352185089974293
"2164",7,6,0.189473684210526
"2542",7,6,0.283464566929134
"2549",7,6,0.414698162729659
"372",7,7,0.223880597014925
"393",7,7,0.253731343283582
"736",7,7,0.143292682926829
"750",7,7,0.143292682926829
"1485",7,7,0.366120218579235
"1828",7,7,0.208226221079692
"1835",7,7,0.143958868894602
"1856",7,7,0.38560411311054
"2213",7,7,0.228947368421053
"36",7,8,0.365079365079365
"43",7,8,0.323809523809524
"57",7,8,0.215873015873016
"400",7,8,0.161194029850746
"778",7,8,0.219512195121951
"792",7,8,0.277439024390244
"1135",7,8,0.231382978723404
"1506",7,8,0.243169398907104
"1863",7,8,0.161953727506427
"2598",7,8,0.217847769028871
"2612",7,8,0.21259842519685
"85",7,9,0.244444444444444
"435",7,9,0.298507462686567
"442",7,9,0.226865671641791
"799",7,9,0.222560975609756
"806",7,9,0.378048780487805
"813",7,9,0.338414634146341
"1177",7,9,0.409574468085106
"1184",7,9,0.242021276595745
"1534",7,9,0.289617486338798
"1548",7,9,0.382513661202186
"1891",7,9,0.159383033419023
"1898",7,9,0.197943444730077
"2262",7,9,0.271052631578947
"2647",7,9,0.228346456692913
"106",7,10,0.361904761904762
"470",7,10,0.304477611940298
"477",7,10,0.26865671641791
"484",7,10,0.334328358208955
"827",7,10,0.307926829268293
"834",7,10,0.210365853658537
"841",7,10,0.240853658536585
"848",7,10,0.338414634146341
"1191",7,10,0.356382978723404
"1205",7,10,0.396276595744681
"1562",7,10,0.131147540983607
"1576",7,10,0.278688524590164
"1583",7,10,0.341530054644809
"1947",7,10,0.403598971722365
"2297",7,10,0.165789473684211
"2304",7,10,0.368421052631579
"2311",7,10,0.271052631578947
"2675",7,10,0.173228346456693
"141",7,11,0.136507936507936
"148",7,11,0.0380952380952381
"491",7,11,0.0447761194029851
"498",7,11,0.22089552238806
"512",7,11,0.280597014925373
"862",7,11,0.0457317073170732
"869",7,11,0.0762195121951219
"876",7,11,0.0640243902439024
"1226",7,11,0.186170212765957
"1233",7,11,0.26063829787234
"1240",7,11,0.0771276595744681
"1590",7,11,0.273224043715847
"1597",7,11,0.234972677595628
"1604",7,11,0.265027322404372
"1611",7,11,0.092896174863388
"1954",7,11,0.161953727506427
"1968",7,11,0.300771208226221
"1975",7,11,0.0745501285347044
"2318",7,11,0.128947368421053
"2325",7,11,0.123684210526316
"2339",7,11,0.0789473684210526
"2696",7,11,0.112860892388451
"2703",7,11,0.304461942257218
"162",7,12,0.447619047619048
"169",7,12,0.307936507936508
"526",7,12,0.167164179104478
"533",7,12,0.149253731343284
"540",7,12,0.313432835820896
"890",7,12,0.271341463414634
"1268",7,12,0.26063829787234
"1275",7,12,0.308510638297872
"1618",7,12,0.136612021857924
"1625",7,12,0.245901639344262
"1632",7,12,0.243169398907104
"1989",7,12,0.146529562982005
"1996",7,12,0.233933161953728
"2346",7,12,0.276315789473684
"2360",7,12,0.444736842105263
"2367",7,12,0.136842105263158
"2717",7,12,0.141732283464567
"2724",7,12,0.267716535433071
