"","temp","visib","wdsp","NUM_COLLISIONS"
"191",35.9,8.8,8.5,0.361194029850746
"198",47.2,1.3,8.2,0.423880597014925
"212",27.3,8.8,7.4,0.319402985074627
"555",46.3,2.5,14.8,0.347560975609756
"576",38.8,8.8,12.3,0.326219512195122
"919",44,7.6,16.3,0.25531914893617
"926",40.9,7.7,6.3,0.473404255319149
"933",41.7,8.2,13.5,0.25
"940",31.2,6.7,12.7,0.218085106382979
"1283",38.2,10,13.5,0.461748633879781
"1290",43.2,8.4,17.5,0.677595628415301
"1297",34.4,8.8,15.3,0.133879781420765
"1661",31.6,10,6.2,0.0539845758354756
"1668",40.9,8.8,18.6,0.542416452442159
"1675",34,9.7,6.5,0.22879177377892
"2018",35,9.9,18.3,0.702631578947368
"2025",31.6,9.1,15.4,0.184210526315789
"2039",40.3,6.9,12.1,0.205263157894737
"2382",27.4,10,17.4,0.480314960629921
"2389",32.8,10,15.3,0.792650918635171
"2403",35.7,9.8,11.3,0.430446194225722
"219",29,8.8,15.5,0.456716417910448
"226",36.4,7.6,9.8,0.223880597014925
"240",37.5,8.3,13.4,0.26865671641791
"590",28.9,9,9,0.835365853658537
"597",24.3,9.3,13.1,0.265243902439024
"604",37.5,9.7,10.3,0.503048780487805
"947",33.1,5.7,12.8,0.73936170212766
"954",37.1,6.3,14.9,0.38563829787234
"968",29.4,6,8.9,0.457446808510638
"1311",47.6,6.9,11.8,0.775956284153005
"1318",36.4,3.8,25.8,0.188524590163934
"1332",41.8,10,9.2,0.5
"1339",47.8,7.2,17,0.502732240437158
"1682",37.5,10,14.4,0.287917737789203
"1689",35.9,6.5,19.7,0.478149100257069
"1703",39.1,10,13.2,0.215938303341902
"2046",42.5,5.1,14.1,0.66578947368421
"2053",45,3.9,13.6,0.236842105263158
"2417",30.7,10,8.1,0.438320209973753
"2424",32.8,6.3,8,0.0131233595800525
"2431",38.7,8.4,24.3,0.784776902887139
"247",37,10,11.5,0.588059701492537
"261",32.1,10,9,0.665671641791045
"268",38.1,10,9.7,0.292537313432836
"611",27.3,5.8,11.2,0.109756097560976
"625",28.5,10,14.2,0.350609756097561
"632",27.4,10,13.4,0.435975609756098
"639",37.8,6.1,21.3,0.472560975609756
"975",33.4,6.8,10.9,0.659574468085106
"982",35.6,9.6,9.5,0.688829787234043
"989",32.9,9,17.1,0.337765957446808
"996",27.2,10,14.9,0.48936170212766
"1003",36.8,9.8,11,0.409574468085106
"1353",43.8,9.5,12.3,0.568306010928962
"1360",37.4,7.3,16,0.505464480874317
"1367",45.1,5.9,11.8,0.617486338797814
"1710",28.9,10,9.9,0.416452442159383
"1717",21.9,10,10.9,0.863753213367609
"1724",39.2,9.4,21.4,0.755784061696658
"1731",42,6.4,12.3,0.444730077120823
"2074",37.8,8.2,24.2,0.428947368421053
"2081",36.7,10,9,0.594736842105263
"2088",30.5,10,12.2,0.613157894736842
"2095",36.4,10,19.4,0.676315789473684
"2438",37.9,7.7,15.3,0.267716535433071
"2445",41.7,6,11.1,0.640419947506562
"2452",34.5,10,10.8,0.456692913385827
"275",47,6.8,16.3,0.235820895522388
"296",43,10,11.3,0.492537313432836
"646",42,10,7.4,0.393292682926829
"653",52.2,7,14.4,0.335365853658537
"667",46.5,10,13.7,0.588414634146341
"1024",45.2,8.5,16.2,0.606382978723404
"1031",49,10,8.9,0.414893617021277
"1374",36.5,8.2,10.3,0.685792349726776
"1752",56.4,8.7,12,0.0822622107969152
"2109",36.3,10,12.6,0.452631578947368
"2116",44.7,2.6,21.6,0.757894736842105
"2123",46.4,10,7.1,0.58421052631579
"2130",46.2,10,12,0.534210526315789
"2466",41.8,10,15.2,0.52755905511811
"2480",52,2.1,15.1,0.671916010498688
"2494",47.8,9.8,10.9,0.430446194225722
"317",53.1,9.9,11.9,0.528358208955224
"324",57.5,2.9,10.3,0.770149253731343
"331",56.9,10,14.1,0.0597014925373134
"674",53.7,10,10.2,0.652439024390244
"681",57.8,9.8,9.1,0.539634146341463
"688",56.9,10,9,0.51219512195122
"695",56.7,9.6,10.3,0.0884146341463415
"1038",52.2,9.9,8.8,0.63563829787234
"1045",57.9,0.8,11.1,0.646276595744681
"1052",53.9,5.7,9.4,0.436170212765957
"1409",54,10,13.8,0.584699453551913
"1416",50.8,10,19.8,0.846994535519126
"1430",62.4,2,9,0.10655737704918
"1773",50,10,15.6,0.467866323907455
"1780",51.1,10,12.9,0.701799485861183
"2137",53,8.7,11.3,0.636842105263158
"2501",48.1,7.9,18.5,0.601049868766404
"2508",46.1,9.7,14.7,0.556430446194226
"2515",57.2,4.9,11.3,0.755905511811024
"2522",62.1,10,11.4,0.10761154855643
"338",60.8,2,12.7,0.916417910447761
"352",63.2,7,9.1,0.638805970149254
"359",66.8,2.8,12.1,0.835820895522388
"716",65.2,10,7.5,0.664634146341463
"1437",62.9,3.9,12.3,0.890710382513661
"1444",61.5,10,13.3,0.584699453551913
"1801",56.6,7,8.4,0.51413881748072
"1808",66,8,11.4,0.894601542416452
"1815",64.7,0.9,15.2,0.933161953727506
"2165",51,6.2,13.5,0.644736842105263
"2172",56.2,10,8.8,0.613157894736842
"2179",62.9,9.1,9.6,0.934210526315789
"2186",63.8,6.1,10.4,0.736842105263158
"2529",60.4,9.1,11,0.677165354330709
"2550",68.5,10,9,0.866141732283465
"16",79,9.2,4,0.396825396825397
"366",66.7,4.1,10.4,0.695522388059701
"373",72.6,6.7,10.7,0.647761194029851
"737",68.6,9.4,13.9,0.640243902439024
"744",69.7,7.4,12,0.496951219512195
"751",65.9,6,12.8,0.466463414634146
"758",69.4,4.8,10,0.582317073170732
"1479",71.1,4.1,10.1,0.800546448087432
"1850",63,7.5,10.9,0.42159383033419
"2214",69.9,7.3,12.6,0.423684210526316
"2557",66.9,10,10.4,0.766404199475066
"37",77.3,8.9,5.5,0.603174603174603
"401",68.1,10,12.2,0.432835820895522
"422",68.3,10,11.2,0.361194029850746
"779",67.9,9.8,7.8,0.582317073170732
"1157",74.8,9,11.2,0.563829787234043
"1507",77.5,8.8,8.5,0.576502732240437
"1514",73.8,6.7,10.4,0.647540983606557
"1521",72.5,9.8,9.5,0.658469945355191
"1864",67.5,10,7.8,0.38560411311054
"1885",62.7,10,8.5,0.329048843187661
"2242",66.7,4.7,11.6,0.286842105263158
"2613",64.3,10,13.7,0.244094488188976
"72",65.4,10,5.7,0.742857142857143
"436",59.8,10,8.2,0.692537313432836
"443",62.4,10,7.4,0.507462686567164
"450",57.5,10,10.4,0.77910447761194
"457",59.5,9.8,10.4,0.611940298507463
"800",63.6,10,7.8,0.591463414634146
"814",67.9,8.2,12.3,0.786585365853659
"1164",73,10,11.9,0.220744680851064
"1171",67.6,10,14.5,0.470744680851064
"1178",63.9,10,17.3,0.590425531914894
"1542",71,7.6,8.1,0.677595628415301
"1892",65.4,9.6,13.4,0.195372750642674
"2263",62.3,9.5,13.4,0.518421052631579
"2277",57.4,10,10.1,0.371052631578947
"2641",68.5,8.1,12,0.624671916010499
"93",60.6,10,4.7,0.482539682539683
"107",65.3,9.4,4.5,0.647619047619048
"114",57.8,10,4.3,0.653968253968254
"464",65.7,8.5,11.9,0.650746268656716
"478",54.4,10,7.1,0.644776119402985
"485",50.7,10,10.3,0.656716417910448
"842",49,10,11.8,0.570121951219512
"849",54.1,10,12,0.725609756097561
"1192",58.6,10,17.1,0.518617021276596
"1206",42.8,10,12.6,0.704787234042553
"1213",52.3,10,12.9,0.787234042553192
"1563",54.1,8,24.8,0.292349726775956
"1577",57.5,9.9,12.5,0.385245901639344
"1584",48.3,8.2,12.5,0.609289617486339
"1927",66.3,6.2,10.5,0.231362467866324
"1934",62.3,8.8,13.8,0.475578406169666
"1948",60.4,6.9,27.3,0.966580976863753
"2291",60.7,8.8,10.5,0.126315789473684
"2298",57.1,9.1,9.8,0.628947368421053
"2305",43.3,10,11.7,0.518421052631579
"2312",54.9,9.8,11.7,0.639473684210526
"2669",55.2,9.5,13.5,0.414698162729659
"2676",56,8.3,17.1,0.540682414698163
"128",42.3,10,5.5,0.241269841269841
"142",43,10,6.3,0.577777777777778
"149",40.3,10,4.9,0.507936507936508
"492",42,10,13.9,0.770149253731343
"499",47.1,10,15.9,0.167164179104478
"506",55.9,5,13.5,0.629850746268657
"513",27,10,15.4,0.925373134328358
"856",44.6,10,18.9,0.673780487804878
"870",52.1,6.5,9.5,0.798780487804878
"877",54.8,4.5,15.5,0.969512195121951
"1220",58.3,9.5,7.8,0.561170212765957
"1241",45.2,8.5,17.4,0.803191489361702
"1248",40.5,10,11.3,0.555851063829787
"1591",47.4,9.6,18.8,0.729508196721312
"1605",38.8,10,21.2,0.688524590163934
"1612",39.5,10,11.2,0.587431693989071
"1955",62.2,7.4,11.8,0.580976863753213
"1969",40.5,10,15.4,0.750642673521851
"1976",43,10,12.4,0.460154241645244
"2319",47.5,9.7,9.2,0.805263157894737
"2326",41.7,10,8.2,0.115789473684211
"2340",45.4,7.8,8.1,0.763157894736842
"2697",48.4,3.6,21.7,0.897637795275591
"2704",45.4,10,12.8,0.62992125984252
"163",50.3,2.8,5.7,0.685714285714286
"170",42,5.6,9.5,0.780952380952381
"184",31.5,10,6.8,0.250793650793651
"527",40.8,6.8,11.2,0.713432835820896
"534",32,10,12.5,0.716417910447761
"541",48.7,3.5,6.7,0.916417910447761
"548",42.5,8.8,14.1,0.226865671641791
"891",35.4,10,19.6,0.533536585365854
"905",42.9,9.7,7.5,0.49390243902439
"1269",49.5,9.4,14.3,0.558510638297872
"1276",40.9,9.3,18.5,0.234042553191489
"1619",37.9,9.5,6.6,0.980874316939891
"1626",43.6,6.5,14.2,0.636612021857924
"1633",35.3,9.9,14.1,0.792349726775956
"1990",38.4,9.8,7.9,0.691516709511568
"2347",51,2.7,11.3,0.642105263157895
"2361",42.2,6.2,14.6,0.621052631578947
"2711",44.8,4.3,20.5,0.469816272965879
"2718",48.2,7.3,13.5,0.881889763779528
"2725",35.4,10,11,0.309711286089239
"2739",39.6,5.2,13,0.307086614173228
"192",39.8,9.8,10.4,0.337313432835821
"206",26.3,6.5,10.8,0.429850746268657
"556",23.9,9.4,17.6,0.265243902439024
"563",45.5,5.2,11.8,0.472560975609756
"577",22.2,10,10.7,0.304878048780488
"927",32.6,8.4,16.3,0.561170212765957
"934",35.7,10,13.1,0.26063829787234
"1284",27.7,7.9,20.3,0.568306010928962
"1298",25.5,10,21.7,0.628415300546448
"1648",44.3,5.4,15.2,0.521850899742931
"1662",40,9.6,8.4,0.516709511568123
"1669",48.9,2.3,17.2,0.277634961439589
"1676",28.1,8.2,9.8,0.295629820051414
"2019",38.3,9.3,14.6,0.607894736842105
"2026",32.3,8.2,8.8,0.431578947368421
"2033",45.3,4.4,16.2,0.205263157894737
"2040",31.9,4.3,23.4,0.331578947368421
"2376",47.4,5.4,18.3,0.0761154855643045
"220",28.7,7.8,8.2,0.495522388059702
"227",41.4,6.5,11.9,0.292537313432836
"241",35,10,5,0.408955223880597
"591",24,10,9.2,0.707317073170732
"598",28.2,9,12.7,0.347560975609756
"605",27,10,15.5,0.332317073170732
"955",36.4,7.4,21.1,0.449468085106383
"962",21.7,6.5,7.7,0.579787234042553
"1319",33.1,8.1,11.5,0.379781420765027
"1326",44.5,4.8,18.5,0.5
"1333",36.5,10,9.9,0.521857923497268
"1683",38.1,8.4,9.2,0.437017994858612
"1690",30.1,10,15.1,0.596401028277635
"2054",31.5,10,9.7,0.421052631578947
"2061",45.6,2.9,12.4,0.215789473684211
"2418",29.4,8.2,11.2,0.750656167979003
"2425",25.9,10,15.1,0.330708661417323
"2432",29.2,10,20.2,0.706036745406824
"248",38.5,9.9,14.9,0.37910447761194
"255",46,7.5,13.1,0.438805970149254
"262",39.6,4.6,16.5,0.474626865671642
"269",39.8,9.7,15.5,0.0746268656716418
"619",41.3,8.3,9,0.323170731707317
"626",27.7,10,8.7,0.448170731707317
"976",27,10,10.8,0.609042553191489
"990",38.6,7.9,10.1,0.335106382978723
"1004",39.4,9.8,13.6,0.601063829787234
"1340",43.2,9.3,12.1,0.628415300546448
"1354",48.3,3.4,17.3,0.480874316939891
"1361",40.8,10,16,0.53551912568306
"1368",48.6,9.7,19.6,0.685792349726776
"1711",36.7,9.2,10.7,0.465295629820051
"1732",40.7,5,8.7,0.349614395886889
"2075",37.7,10,17.5,0.586842105263158
"2096",37.6,10,16,0.457894736842105
"2439",28.2,10,12.4,0.624671916010499
"2446",38.6,10,11.8,0.485564304461942
"2453",35.2,10,8.2,0.430446194225722
"2460",36.9,10,10.8,0.548556430446194
"276",39.6,9.9,17.2,0.11044776119403
"283",49.4,6.7,10.7,0.635820895522388
"297",44.6,5.1,15,0.337313432835821
"640",37.1,9.3,17.6,0.442073170731707
"647",47.7,1.9,14.7,0.615853658536585
"654",52.6,6.6,16,0.146341463414634
"668",44.2,10,16.5,0.460365853658537
"1011",44.2,8.6,9.3,0.132978723404255
"1018",49.8,8.9,10.2,0.372340425531915
"1025",51.5,3.6,14.3,0.646276595744681
"1032",46,9.8,15.7,0.561170212765957
"1375",35.1,9.8,19.5,0.655737704918033
"1396",46.8,9,9.4,0.128415300546448
"1739",42.9,6.3,16.3,0.365038560411311
"1753",47.8,10,12.1,0.154241645244216
"1760",49.7,6.7,14.2,0.686375321336761
"2103",35.3,9.3,7.5,0.257894736842105
"2117",45.6,8.4,16.1,0.386842105263158
"2467",37.1,10,8.7,0.398950131233596
"2474",41.4,9.4,12.7,0.356955380577428
"2481",47.1,10,18.3,0.622047244094488
"2488",48.8,6.3,11.4,0.501312335958005
"318",51,9.8,11.8,0.492537313432836
"682",51.8,10,14.1,0.475609756097561
"689",56.4,9.9,10.4,0.75
"696",61.1,9.5,10,0.734756097560976
"1039",57.1,9.8,11,0.627659574468085
"1046",58.3,0.9,11.3,0.75
"1060",61.1,9.8,14.4,0.75531914893617
"1417",55,10,11.9,0.524590163934426
"1424",54.6,4.4,10.7,0.718579234972678
"1431",62.8,4.9,10.1,0.896174863387978
"1767",55.4,2.2,14.5,0.737789203084833
"1781",57.5,10,10.7,0.611825192802057
"1788",56.8,7.5,11.8,0.521850899742931
"2131",48.4,10,7.6,0.684210526315789
"2145",53.9,3,10.7,0.855263157894737
"2159",57.7,6,8.5,0.936842105263158
"2509",44.9,7,15,0.57742782152231
"2516",58.9,7.8,13.5,0.902887139107612
"2523",51.6,8.1,8.8,0.664041994750656
"346",60.8,1.8,13.2,0.701492537313433
"353",60.9,3.1,4.9,0.635820895522388
"1067",53.4,6.6,13.7,0.638297872340426
"1074",64,7.9,14.2,0.664893617021277
"1081",64.2,3.6,7.1,0.507978723404255
"1088",65.5,7.8,10.2,0.800531914893617
"1445",62.2,10,12.9,0.778688524590164
"1452",63.6,7.4,12.2,0.680327868852459
"1802",52.4,5.1,15.2,0.524421593830334
"1809",67.3,7.6,10.6,0.958868894601542
"1816",63.4,1.1,15,0.917737789203085
"2166",54.5,9.4,11,0.618421052631579
"2180",67.7,6.3,11.6,0.944736842105263
"2530",58.5,10,12.6,0.561679790026247
"2537",63.7,5.4,11.2,0.73753280839895
"367",67.7,4,9.5,0.6
"388",72.1,3.7,8.1,0.51044776119403
"731",68.6,9.8,9.1,0.646341463414634
"738",69.5,6.2,11.8,0.579268292682927
"745",71.4,5.8,13.1,0.557926829268293
"1109",67.4,9.8,9.2,0.678191489361702
"1480",73.8,8.3,10.1,0.729508196721312
"1487",75.3,9,12.1,0.699453551912568
"1851",62.8,9.5,13.8,0.3573264781491
"2208",70.5,4.6,10.7,0.597368421052632
"2579",70.4,7.8,10.6,0.398950131233596
"59",77.9,9,6,0.584126984126984
"1130",75,6.1,10.4,0.702127659574468
"1137",67.9,7.5,12,0.529255319148936
"1501",71.5,10,6.6,0.595628415300546
"1515",69,10,10.4,0.560109289617486
"1865",65.2,7.8,11.3,0.44987146529563
"1886",62,9.9,8.6,0.406169665809769
"2250",73,3.5,9,0.689473684210526
"80",70.6,7.6,5.5,0.485714285714286
"87",62,10,4.9,0.606349206349206
"437",65.5,10,10.1,0.683582089552239
"444",56.1,10,16.3,0.677611940298507
"451",54.5,10,8.4,0.641791044776119
"801",64.6,10,10.9,0.573170731707317
"815",59,10,9.3,0.573170731707317
"1172",70.8,10,10.1,0.470744680851064
"1179",63.5,10,10.4,0.449468085106383
"1529",69.9,7.9,15.2,0.530054644808743
"1550",65.4,7.1,11,0.620218579234973
"1893",68.1,6.9,14,0.645244215938303
"1907",65.5,3.3,14.5,0.526992287917738
"2257",75.7,6.1,9.9,0.876315789473684
"2264",68.9,7.4,10,0.239473684210526
"2271",71,8.1,8.7,0.755263157894737
"2278",60.5,8.7,14.4,0.689473684210526
"2635",61.5,10,9.2,0.614173228346457
"2642",68.6,7.8,11.1,0.595800524934383
"101",53.8,8.5,5.6,0.53015873015873
"108",55.8,9.9,5.8,0.631746031746032
"465",61.5,8.7,12.2,0.519402985074627
"486",47.5,10,6.8,0.597014925373134
"829",63,10,11.5,0.658536585365854
"843",57.7,9.3,10.5,0.61890243902439
"1193",59.4,10,10.5,0.609042553191489
"1207",58.2,9.7,21.3,0.829787234042553
"1557",60.5,9.7,12.4,0.248633879781421
"1564",54.3,10,10.1,0.83879781420765
"1578",49.1,10,14.1,0.366120218579235
"1928",68.8,5.9,11,0.802056555269923
"1935",51.1,10,12.1,0.719794344473008
"1949",57.7,10,18.1,0.616966580976864
"2299",57.1,8.6,15.5,0.618421052631579
"2313",47.9,10,9.8,0.705263157894737
"2656",61.3,9.3,12.1,0.320209973753281
"2663",56.7,10,8.9,0.388451443569554
"2670",56.3,7.9,11.5,0.42257217847769
"129",36.6,10,4.8,0.352380952380952
"136",52.4,8.8,6.1,0.777777777777778
"500",45.7,8.5,16.5,0.737313432835821
"507",47,9.8,14,0.597014925373134
"857",52.7,10,6.9,0.408536585365854
"871",48.9,7.8,17.1,0.939024390243902
"878",56.7,3.6,11.2,0.594512195121951
"1228",55.8,9.3,7.9,0.944148936170213
"1235",45.3,10,11.9,0.75
"1242",37.5,10,11.7,0.88031914893617
"1599",54.8,8.6,9.9,0.844262295081967
"1606",37.7,10,15.1,0.909836065573771
"1613",43.8,8.5,9.7,0.87431693989071
"1956",53,9.8,12.5,0.652956298200514
"1963",46.1,10,12.3,0.491002570694087
"1970",51.1,10,15.3,0.858611825192802
"1977",37.9,10,10,0.496143958868895
"2320",56.8,2.1,12.1,0.594736842105263
"2327",51.9,5.8,16.9,0.792105263157895
"2334",48.2,9.2,7,0.636842105263158
"2341",46.9,7.2,19.3,0.410526315789474
"2691",53.9,8.4,13.1,0.509186351706037
"2698",46.5,8.4,7.5,0.601049868766404
"164",50.1,7.3,6,0.555555555555556
"171",47.3,5.3,7,0.768253968253968
"521",41.8,10,11.7,0.456716417910448
"528",38.8,6.7,9.1,0.414925373134328
"535",28.6,9,9.6,0.904477611940299
"542",38.4,8.8,13.4,0.343283582089552
"549",28.5,9.4,10.1,0.194029850746269
"885",42.5,9.9,14.9,0.63109756097561
"892",48.7,5.8,19.6,0.734756097560976
"913",32.1,10,11.9,0.198170731707317
"1249",40.1,9.3,7.9,0.914893617021277
"1256",47.4,7.8,11.3,0.574468085106383
"1263",58,5.9,15,0.938829787234043
"1270",54.8,4.4,11.3,0.789893617021277
"1277",42.8,6.1,15.6,0.348404255319149
"1620",41.7,10,11.9,0.762295081967213
"1627",39.7,9.8,9.7,0.540983606557377
"1641",49.8,4.4,17.5,0.37431693989071
"1984",42,10,10.2,0.637532133676093
"1991",42.6,9.7,10,0.593830334190231
"1998",44.9,9.3,10.3,0.516709511568123
"2005",29.5,10,13.1,0.223650385604113
"2348",40.6,10,12.1,0.607894736842105
"2362",33.3,9.6,19.7,0.731578947368421
"2712",39.9,5.2,18.6,0.574803149606299
"2719",53.1,1.8,16,0.698162729658793
"2726",37.5,7.3,7.3,0.784776902887139
"2733",42.8,10,12,0.338582677165354
"2740",44.7,4.8,14.7,0.110236220472441
"186",27.5,10,12.4,0.238805970149254
"200",41.6,7,8.8,0.53134328358209
"214",45.1,4.4,12.4,0.28955223880597
"564",41.1,6.5,6,0.545731707317073
"571",25,1.9,25.7,0.286585365853659
"921",22.6,9.4,12.1,0.361702127659574
"928",32.1,8,9.6,0.276595744680851
"942",21.6,6.6,16.6,0.148936170212766
"1292",32.9,9.6,18,0.472677595628415
"1299",29.4,10,18.9,0.521857923497268
"1649",46.5,6.2,13.6,0.344473007712082
"1656",45,6.5,15.1,0.444730077120823
"1663",41.6,4.5,13.8,0.239074550128535
"1670",41.1,8.5,17.4,0.308483290488432
"2034",41.1,8.8,13.9,0.426315789473684
"2041",25,10,13.1,0.376315789473684
"2377",35,10,10.3,0.26509186351706
"2384",44.4,5.6,13.4,0.296587926509186
"2391",31.3,9.8,9.1,0.467191601049869
"2405",36.8,8.8,15.1,0.601049868766404
"221",34.8,9,6.1,0.495522388059702
"235",38.7,8.5,16.9,0.328358208955224
"242",44.1,5.9,18,0.447761194029851
"585",32.3,6.3,9.2,0.195121951219512
"592",23.7,10,10.5,0.719512195121951
"599",35,8.9,12.3,0.451219512195122
"606",25.8,8.9,8,0.326219512195122
"956",32.6,9.9,23.9,0.553191489361702
"970",29.9,7.9,12.4,0.601063829787234
"1327",41.5,6.2,12,0.254098360655738
"1334",46.9,6,12.7,0.622950819672131
"1677",38.7,9.7,10.5,0.303341902313625
"1684",46.2,2.8,10.1,0.557840616966581
"1691",36.6,7.5,8.7,0.377892030848329
"2048",36.4,8.4,9.5,0.526315789473684
"2069",42.6,10,12.9,0.528947368421053
"2412",39.1,9.9,9.7,0.561679790026247
"2419",41.1,4.4,17.9,0.624671916010499
"2426",26.7,10,7.7,0.561679790026247
"2433",21.6,10,10.9,0.335958005249344
"249",39.1,9.4,13.5,0.223880597014925
"256",46.3,7.1,13.1,0.704477611940298
"263",36.5,10,17.9,0.417910447761194
"270",41.7,10,9.4,0.122388059701493
"613",29.5,9.5,7.1,0.265243902439024
"620",43.4,7.2,9.6,0.338414634146341
"627",35,10,9.7,0.36890243902439
"634",30.8,4.7,28,0.484756097560976
"977",36.1,3.1,14.8,0.457446808510638
"984",42.1,5,12.3,0.433510638297872
"991",31,10,21.1,0.38563829787234
"1341",45.7,6.8,18.2,0.603825136612022
"1355",45.2,7.7,15.7,0.538251366120219
"1362",48.6,8.5,13.5,0.516393442622951
"1369",43.4,10,13.2,0.595628415300546
"1705",47.4,2,11.5,0.295629820051414
"1712",45.9,5.5,15.3,0.393316195372751
"1719",29.8,7.5,23.3,0.498714652956298
"1726",38.6,10,14.8,0.413881748071979
"1733",41.9,8.3,14.4,0.555269922879177
"2076",38.1,8.9,12.3,0.168421052631579
"2083",34.8,9.7,22.8,0.523684210526316
"2440",25.4,10,13.5,0.493438320209974
"2461",34.4,10,10.7,0.42257217847769
"277",42.6,10,17,0.394029850746269
"284",46.5,7.6,8.8,0.537313432835821
"291",52.1,8.3,11,0.402985074626866
"298",47.5,7,19.2,0.591044776119403
"648",46.8,9.6,10,0.582317073170732
"655",42.9,7.9,19.2,0.50609756097561
"662",49.5,9.2,8.6,0.402439024390244
"669",43.5,9.8,12.3,0.753048780487805
"1005",37.9,9.8,11.5,0.654255319148936
"1012",41.2,10,14.8,0.146276595744681
"1019",50.6,8.3,6.9,0.513297872340426
"1026",49.8,10,8.6,0.441489361702128
"1033",49.3,9.8,7.8,0.736702127659574
"1376",37,10,10.7,0.53551912568306
"1383",46.7,9.8,12.9,0.73224043715847
"1390",47.3,10,11.7,0.724043715846995
"1740",42.6,7.8,14.1,0.336760925449871
"1754",41.7,10,10.5,0.318766066838046
"1761",53.1,1.1,17.9,0.447300771208226
"2104",47.3,3.5,15.7,0.265789473684211
"2118",41.9,10,16.6,0.55
"2125",49.2,7.1,15.1,0.455263157894737
"2468",43.7,6.6,21.6,0.556430446194226
"2475",41.8,9.3,10.4,0.608923884514436
"2482",47.5,10,10.1,0.57742782152231
"312",59.4,7.5,10.5,0.656716417910448
"319",53.1,10,12.1,0.394029850746269
"326",57.8,2.5,7.1,0.507462686567164
"333",57.9,4.9,10.9,0.519402985074627
"697",51.1,2.6,15.2,0.408536585365854
"1047",59.5,8.7,12.2,0.672872340425532
"1054",58.8,6.1,11.2,0.702127659574468
"1061",62.4,8.5,13.4,0.784574468085106
"1404",47.3,7.9,12.8,0.603825136612022
"1418",55.5,10,11,0.666666666666667
"1768",54.7,9.5,13,0.663239074550129
"1775",48.7,9.9,4.5,0.544987146529563
"1782",57.9,9.8,11.3,0.763496143958869
"1789",53.9,9,9.2,0.475578406169666
"2132",54.5,10,13.1,0.892105263157895
"2139",51.2,4,7.7,0.678947368421053
"2146",55.3,9.3,8.5,0.613157894736842
"2503",53,10,9.2,0.650918635170604
"2510",48.5,9.7,10.8,0.761154855643045
"2517",56.7,10,12.8,0.766404199475066
"2524",54.6,8.1,13.2,0.5249343832021
"347",64,8.1,14,0.641791044776119
"354",62.6,8.4,12.2,0.662686567164179
"361",69.5,6.1,9.9,0.659701492537313
"711",61.2,9.3,11.3,0.524390243902439
"718",71.6,6.4,10.1,0.789634146341463
"1068",53,10,13.9,0.680851063829787
"1082",64.8,8.4,14.5,0.808510638297872
"1432",64,7.6,9.1,0.92896174863388
"1439",61.7,8.4,12.6,0.904371584699454
"1453",65.6,7.2,7.9,0.871584699453552
"1803",54.5,8.4,12.8,0.562982005141388
"1810",67.1,9.3,10.3,0.766066838046273
"1817",62.6,5.4,11.4,0.740359897172236
"2174",59.4,7.9,11.5,0.66578947368421
"2531",59.8,9.6,12.3,0.666666666666667
"389",74.9,5.7,8.4,0.51044776119403
"732",69,7.2,10.2,0.774390243902439
"739",69.4,5.1,12.3,0.503048780487805
"746",70.4,6,13.7,0.448170731707317
"753",69.2,9.9,9.9,0.570121951219512
"1096",65.5,6.5,10.4,0.747340425531915
"1117",73.7,7.8,9.2,0.574468085106383
"2209",71.2,7.9,9,0.618421052631579
"2573",70.9,5.7,9.3,0.601049868766404
"2580",66.1,9.9,9.1,0.590551181102362
"60",73.3,10,4.7,0.466666666666667
"410",68.4,8.3,9.6,0.662686567164179
"774",66.6,8.4,15.5,0.51219512195122
"1509",76.5,8.4,14.7,0.617486338797814
"1880",72.3,6.3,12.4,0.444730077120823
"1887",61.8,7,16,0.552699228791774
"2237",74.1,9.4,9.7,0.505263157894737
"67",75.2,6.7,5.4,0.628571428571429
"81",66.7,7.6,6.3,0.663492063492063
"431",68.5,8.9,8.8,0.608955223880597
"438",69.9,6.8,10.9,0.525373134328358
"795",74,8.1,9.7,0.536585365853659
"802",66.2,10,11.3,0.652439024390244
"816",58.9,10,6.7,0.49390243902439
"1166",75.8,7.6,10.3,0.898936170212766
"1180",62.4,10,9.8,0.263297872340426
"1187",70.5,4.1,15.5,0.617021276595745
"1530",70.3,8.4,13.1,0.590163934426229
"1537",68.4,10,12.4,0.948087431693989
"1551",63.1,5.7,11.3,0.560109289617486
"1894",69.6,6,13.6,0.390745501285347
"1908",66.1,3.2,21.3,0.326478149100257
"2272",66.5,7.8,11,0.173684210526316
"2279",69.4,6.9,14.7,0.794736842105263
"2636",56,9.9,11.3,0.535433070866142
"2643",63.8,10,9.7,0.532808398950131
"102",58.2,7.5,5.2,0.752380952380952
"123",49.7,8.6,5.5,0.463492063492064
"459",64.8,9.3,8.7,0.737313432835821
"466",56.4,10,11.6,0.385074626865672
"823",62.4,7.1,13.2,0.472560975609756
"830",65.2,9.4,12.3,0.716463414634146
"844",57,6.1,12.8,0.926829268292683
"1215",53.8,9.3,13.2,0.763297872340426
"1558",58.7,10,12.9,0.718579234972678
"1579",44.7,10,14.9,0.748633879781421
"1936",56.7,10,10.1,0.722365038560411
"1943",65.1,4.9,17.1,0.493573264781491
"2300",55.6,10,13.3,0.647368421052632
"2307",48.8,10,13.2,0.7
"2314",45.9,10,6.8,0.507894736842105
"2650",67.6,8.9,13.4,0.753280839895013
"2664",51.5,9.9,9.3,0.674540682414698
"2671",61.4,6.6,11.3,0.703412073490814
"137",42.8,9.6,7.7,0.704761904761905
"144",46.5,10,4.2,0.907936507936508
"151",37.5,9.3,7.1,0.346031746031746
"501",33.5,10,12.6,0.576119402985075
"508",38,10,14.5,0.617910447761194
"872",33.6,10,14.4,0.698170731707317
"1229",56.1,4,20.5,0.340425531914894
"1600",54.4,8,12.8,0.745901639344262
"1614",52.9,4.1,12.6,0.814207650273224
"1957",47,9.7,16.7,0.529562982005141
"1971",54.2,8,13.5,0.817480719794344
"1978",52.2,9.8,14.6,0.629820051413882
"2321",57.9,8.4,13.7,0.639473684210526
"2328",39.3,10,16.5,0.618421052631579
"2335",39.9,9.7,13.8,0.734210526315789
"2342",41,10,12.5,0.315789473684211
"2685",51.5,9.9,10.5,0.561679790026247
"2692",29,9.3,17.5,0.519685039370079
"2699",44.8,9.1,10,0.328083989501312
"158",52.6,9.1,6.3,0.352380952380952
"172",44,10,9.3,0.593650793650794
"179",32.2,8.8,9.5,0.406349206349206
"529",31.8,9.9,12.8,0.611940298507463
"536",35.4,8.7,13,0.898507462686567
"886",51.2,6.1,14.5,0.503048780487805
"900",48.6,8,8.8,0.460365853658537
"907",50.7,2.1,10.2,0.350609756097561
"1250",53.6,2.3,9.1,0.672872340425532
"1264",46.5,10,12.3,0.720744680851064
"1278",44.8,9.4,8.8,0.263297872340426
"1621",42.8,8.8,7.6,0.560109289617486
"1628",41.2,9.8,8.2,0.702185792349727
"1635",38.8,10,9.7,0.666666666666667
"1642",39.1,10,9.8,0.311475409836066
"1985",51.3,7.9,15,0.501285347043702
"1992",32.8,9.2,17.6,0.650385604113111
"1999",44.3,9.9,14.9,0.627249357326478
"2006",21.9,10,11,0.311053984575835
"2356",32.3,8.9,9.3,0.468421052631579
"2363",29.8,10,9.4,0.778947368421053
"2370",31.8,10,11.1,0.160526315789474
"2713",36.6,10,7.5,0.396325459317585
"2720",39.9,4.9,10.5,0.464566929133858
"2727",39.3,7.6,12.5,0.78740157480315
"187",21.8,10,9.8,0.444776119402985
"194",43.5,9.9,14.7,0.462686567164179
"201",39.4,8.6,8.6,0.271641791044776
"215",46.5,5.9,23.1,0.573134328358209
"551",31.1,5.8,10.9,0.606707317073171
"558",23.5,10,7.9,0.478658536585366
"579",22,10,8.1,0.771341463414634
"929",35.8,2.8,14.1,0.388297872340426
"943",29.2,10,8.5,0.311170212765957
"1293",28.9,8.1,11.4,0.450819672131148
"1300",30.9,10,14.5,0.639344262295082
"1650",36.4,10,15.4,0.246786632390745
"1657",47.8,5.4,12.6,0.488431876606684
"1664",40.7,7.4,7.6,0.395886889460154
"1671",44.3,9,9.7,0.275064267352185
"2028",32.4,8.4,10.2,0.476315789473684
"2035",28,10,13.2,0.392105263157895
"2378",39.4,9.5,9.2,0.270341207349081
"2385",34.9,9.7,14.7,0.469816272965879
"2392",29.4,10,11.2,0.485564304461942
"2399",46.5,5.2,19.2,0.501312335958005
"222",29.4,10,10.2,0.376119402985075
"229",36.6,8.4,8.9,0.68955223880597
"236",30.6,10,17.3,0.292537313432836
"586",30.4,8.6,11.5,0.503048780487805
"600",39.6,7.1,10.4,0.463414634146341
"607",24.7,8.6,8.4,0.509146341463415
"950",34.1,7.2,12.9,0.444148936170213
"964",27,6.9,11,0.300531914893617
"971",28,7.5,12,0.36436170212766
"1314",51.6,3.1,13,0.483606557377049
"1321",31.5,9.5,11.2,0.519125683060109
"1328",36,10,12.5,0.437158469945355
"1335",51,4.2,20.9,0.631147540983607
"1678",37.7,10,9.9,0.334190231362468
"1692",36.1,9.2,14.4,0.503856041131105
"2042",38.3,9.4,11.9,0.371052631578947
"2049",34.6,8.4,14.5,0.428947368421053
"2063",43.1,8.3,13.8,0.255263157894737
"2413",39.1,4.5,11.8,0.490813648293963
"2420",35.5,10,15.9,0.690288713910761
"2427",36.8,6.4,13.3,0.514435695538058
"2434",26,7.4,8,0.782152230971129
"257",37,9.7,10.4,0.46865671641791
"264",38.3,9.8,10.9,0.322388059701493
"271",42.5,9.9,12.5,0.444776119402985
"614",26.3,9.1,16.4,0.469512195121951
"621",32.2,3.9,14.7,0.429878048780488
"628",41.7,6.3,14.9,0.679878048780488
"635",28.4,10,18.2,0.408536585365854
"985",38.1,10,14.1,0.48936170212766
"992",27.6,10,18.3,0.478723404255319
"999",42.6,4.2,12.8,0.327127659574468
"1342",29.9,10,12.2,0.527322404371585
"1363",45.1,9.6,11.3,0.554644808743169
"1706",47.8,6.9,21.6,0.506426735218509
"1713",45.9,9.1,17.7,0.537275064267352
"1727",26.4,10,17.1,0.634961439588689
"1734",40,10,12.8,0.470437017994859
"2077",39.6,8.2,15.8,0.473684210526316
"2084",36.5,9.7,20.1,0.621052631578947
"2091",36.1,6.6,21.5,0.807894736842105
"2441",22.1,10,12.5,0.406824146981627
"2455",40.7,10,12.7,0.585301837270341
"278",39,10,14,0.495522388059702
"285",46.2,6.6,10,0.349253731343284
"292",46.5,10,8.8,0.456716417910448
"299",50.8,7.2,10.4,0.546268656716418
"642",40.9,10,8.4,0.573170731707317
"656",37.5,10,15.2,0.317073170731707
"663",49.6,10,19.1,0.554878048780488
"1020",46.4,10,8.6,0.420212765957447
"1027",46.9,9.8,13.4,0.558510638297872
"1034",48.1,10,7.8,0.632978723404255
"1384",44,10,15.8,0.66120218579235
"1391",49.6,10,13.4,0.715846994535519
"1741",41.9,7.9,12.9,0.660668380462725
"1748",49.8,9.5,8.2,0.344473007712082
"1755",47.5,5.9,9.8,0.452442159383033
"2105",39.9,10,17,0.205263157894737
"2126",50,3.2,12.7,0.726315789473684
"2469",44.5,9.8,16.5,0.679790026246719
"2476",40.3,10,10.8,0.356955380577428
"2483",43.7,9.6,12.1,0.364829396325459
"306",49.9,9.5,5,0.552238805970149
"320",57.7,7.1,12.5,0.474626865671642
"334",60.9,6.1,11.6,0.850746268656716
"670",50.3,3.2,13.3,0.75
"684",57.8,10,9.6,0.777439024390244
"698",52,10,11.2,0.789634146341463
"1055",54.8,10,7.7,0.566489361702128
"1062",62.4,9.2,11.7,0.74468085106383
"1405",45.5,5.9,21.5,0.530054644808743
"1419",53.9,10,6.7,0.715846994535519
"1426",65.7,9.7,7.7,0.846994535519126
"1769",51.5,10,10.6,0.629820051413882
"1776",49.5,10,7.6,0.591259640102828
"1790",53.8,5.6,11.6,0.735218508997429
"2140",51,6.2,12.2,0.552631578947368
"2504",47.7,10,7.6,0.503937007874016
"348",60.8,10,8.7,0.402985074626866
"705",60,5.8,7.1,0.503048780487805
"712",61,10,13.4,0.484756097560976
"726",66.7,3.5,10.2,0.810975609756098
"1069",52.2,10,7.9,0.398936170212766
"1076",64.6,9.1,11.8,0.702127659574468
"1433",55.7,6.8,9.3,0.685792349726776
"1440",59.9,10,16.7,0.693989071038251
"1447",65.2,10,6.6,0.702185792349727
"2189",64.1,6.3,14.6,0.747368421052632
"2532",62,5.2,12.5,0.900262467191601
"2539",56.7,6.2,12.4,0.611548556430446
"26",78,8.9,4.3,0.638095238095238
"376",71.8,4.9,9.5,0.447761194029851
"390",67.7,9.7,13.8,0.319402985074627
"740",69.4,5.4,6.1,0.548780487804878
"754",69.6,6.4,8.5,0.411585365853659
"1104",69.1,8.5,9.8,0.438829787234043
"1111",67.3,9.2,16.6,0.75531914893617
"1475",69.1,9.3,10.9,0.844262295081967
"2217",69.8,4.7,13.9,0.402631578947368
"411",67.2,10,10.2,0.594029850746269
"425",65.7,5.8,11.3,0.513432835820895
"768",69.3,9.2,6.3,0.551829268292683
"775",67.8,9.1,9.7,0.673780487804878
"789",71,6.8,8.8,0.652439024390244
"1146",73.4,6.4,9.7,0.526595744680851
"1888",66.2,9.6,9.7,0.416452442159383
"2224",73.7,5.4,11.6,0.707894736842105
"2238",77.2,9.1,10.1,0.510526315789474
"2245",70,9.7,9.3,0.413157894736842
"2595",73.3,9.4,11.5,0.643044619422572
"2602",68.6,8.6,8.5,0.417322834645669
"82",61,10,4.6,0.377777777777778
"432",67.4,10,10.4,0.277611940298507
"439",70.2,5.3,11.4,0.880597014925373
"446",62.4,10,9.6,0.405970149253731
"453",56.8,10,8,0.346268656716418
"810",61.1,10,5,0.75
"817",59.7,8.6,8.9,0.265243902439024
"1538",64.5,10,14.4,0.887978142076503
"1552",60,9.3,17.8,0.524590163934426
"1895",67.1,7.9,13,0.858611825192802
"1909",63.9,3.4,29.6,0.203084832904884
"1916",69.4,4.9,9.3,0.730077120822622
"2273",63.7,9.1,11.3,0.542105263157895
"2280",66.3,8.5,13.2,0.576315789473684
"2630",65.4,6.2,11.2,0.755905511811024
"2637",57.3,10,11.4,0.535433070866142
"103",53.4,10,5.5,0.806349206349206
"467",58.4,10,11.6,0.474626865671642
"481",48.4,9.9,10.8,0.692537313432836
"824",59.9,9.4,17.6,0.469512195121951
"831",60.8,9.7,12.6,0.289634146341463
"838",65,6.6,12,0.603658536585366
"845",59.5,8.7,10.7,0.716463414634146
"852",56.1,9.4,8.9,0.676829268292683
"1188",59.7,8.1,21.4,0.747340425531915
"1195",59.8,10,8.2,0.702127659574468
"1209",60.5,8.8,9.7,0.702127659574468
"1573",60.4,9.1,10.5,0.628415300546448
"1923",63.7,8.4,15.8,0.516709511568123
"1930",57.1,10,14.5,0.377892030848329
"1944",60.1,7.8,11.3,0.519280205655527
"2294",67.2,4.1,8.9,0.757894736842105
"2301",45.6,10,16.3,0.742105263157895
"2308",45.3,10,14.2,0.815789473684211
"2651",55.3,10,12.5,0.758530183727034
"2658",54.5,4.9,28.8,0.561679790026247
"2665",58.2,9.9,28,0.543307086614173
"2679",62.5,5.4,13.1,0.564304461942257
"131",41.2,5.1,15.2,0.466666666666667
"138",40.4,10,5.3,0.698412698412698
"152",37.5,9.7,5.8,0.355555555555556
"495",57.8,7.1,11.4,0.734328358208955
"502",42.8,10,14.2,0.656716417910448
"859",53.6,9.4,5.6,0.75609756097561
"873",45.7,9.8,16.1,0.704268292682927
"1230",52.5,7.3,11.5,0.625
"1587",58.8,5.1,8.4,0.702185792349727
"1594",49.4,10,10.9,0.748633879781421
"1601",48.6,9.6,8.4,0.751366120218579
"1958",48.3,10,8.7,0.632390745501285
"1965",46.6,8.9,10.1,0.912596401028278
"1979",43.2,10,10.1,0.532133676092545
"2322",52.1,9.9,11.1,0.468421052631579
"2343",41.3,10,17.1,0.507894736842105
"2693",35,10,8,0.377952755905512
"2700",43.3,10,13,0.645669291338583
"173",39.8,10,8.5,0.644444444444444
"180",39.1,6,12.4,0.387301587301587
"523",43.4,8.3,7.4,0.516417910447761
"530",28.1,10,11.5,0.740298507462687
"537",39.1,10,13.8,0.617910447761194
"887",43.1,9.9,11.5,0.615853658536585
"894",40.8,9.5,19.3,0.807926829268293
"901",42.4,10,14.1,0.661585365853659
"1251",53.5,6.4,13,0.587765957446808
"1258",51.1,9,9.3,0.707446808510638
"1272",57.7,2.1,15.6,0.534574468085106
"1615",53.4,6.6,15.6,0.825136612021858
"1622",42.7,9.8,6.4,0.554644808743169
"1629",29.8,8.8,13.8,0.866120218579235
"1643",37.3,8.6,10.3,0.300546448087432
"1986",43.4,10,10.2,0.609254498714653
"2000",32.4,10,10.7,0.735218508997429
"2350",34.9,10,10.7,0.6
"2357",30.9,10,6.4,0.613157894736842
"2371",34.7,10,8.1,0.339473684210526
"2714",39.6,10,8.4,0.514435695538058
"2721",31.1,10,11.7,0.519685039370079
"2728",24.2,10,18.4,0.782152230971129
"188",32.2,10,11.3,0.313432835820896
"202",28.1,7.5,15,0.480597014925373
"580",33.7,9.9,9.1,0.475609756097561
"916",40.4,10,13.1,0.106382978723404
"930",34.5,10,14.9,0.428191489361702
"1287",41.3,9.9,11.8,0.46448087431694
"1301",28,10,13.1,0.737704918032787
"1658",46.8,7.2,12.6,0.380462724935733
"1672",42.1,9.9,20.3,0.326478149100257
"2015",23,9.5,23.4,0.65
"2022",43.7,5.6,13.4,0.660526315789474
"2029",28.9,10,10.5,0.384210526315789
"2036",25.3,10,14.4,0.589473684210526
"2379",39,9.8,9.9,0.517060367454068
"2386",28.6,10,14.2,0.637795275590551
"2400",37,8.9,14,0.695538057742782
"216",33.1,10,18.2,0.519402985074627
"237",35.4,9.8,14.2,0.391044776119403
"587",28.1,10,9,0.826219512195122
"601",42.2,3.9,10.4,0.429878048780488
"608",20.3,9.6,12.5,0.765243902439024
"1315",40.8,3.5,17.9,0.478142076502732
"1329",34.7,10,10.7,0.273224043715847
"1336",40.2,9.5,20.8,0.120218579234973
"1679",30.9,10,9,0.393316195372751
"1686",21,7.9,21.5,0.647814910025707
"1693",31.8,10,14,0.575835475578406
"2043",34.2,6.4,11.9,0.431578947368421
"2050",28.3,10,6.2,0.342105263157895
"2057",44.8,2.9,8.8,0.339473684210526
"2414",40.6,3,9.8,0.68241469816273
"2421",39.8,8.2,14.2,0.564304461942257
"244",39.3,9.4,10.6,0.605970149253731
"258",31.2,10,18.5,0.617910447761194
"265",34.3,6.8,13.6,0.608955223880597
"272",45.2,10,8.9,0.358208955223881
"615",29.4,10,8.4,0.393292682926829
"622",25.4,10,15.1,0.551829268292683
"629",39.3,9.6,14,0.564024390243902
"636",41.2,8.9,13.7,0.384146341463415
"986",31.1,10,12.3,0.550531914893617
"993",30.3,9,6.3,0.446808510638298
"1000",42.4,5.1,13.1,0.345744680851064
"1343",33.9,6.9,8.5,0.691256830601093
"1350",46.8,7.6,10.1,0.655737704918033
"1357",47,9.9,12.3,0.579234972677596
"1364",50.8,2.7,10.8,0.311475409836066
"1707",33.2,10,11.8,0.74293059125964
"1714",35.5,5.8,12.1,0.401028277634961
"1721",33,10,10.9,0.77120822622108
"1728",35.3,9.9,9.6,0.508997429305913
"1735",37.6,9.2,6.2,0.763496143958869
"2078",35.5,9.6,12,0.784210526315789
"2085",36.1,10,13.5,0.789473684210526
"2442",27.2,10,10.9,0.658792650918635
"2449",45.3,7.3,15.3,0.713910761154856
"2456",42.3,6.9,15,0.832020997375328
"279",42.9,8.7,8,0.543283582089552
"286",43.6,7.7,13.8,0.743283582089552
"293",52.6,4.6,12.5,0.507462686567164
"643",40,10,7.7,0.664634146341463
"650",48,8.8,13.4,0.625
"657",40.4,9.9,9.1,0.280487804878049
"664",49,10,10.5,0.649390243902439
"1007",45,5.9,14.6,0.236702127659574
"1014",43.9,3.6,9.4,0.223404255319149
"1021",47.5,6.9,12.5,0.736702127659574
"1028",44,10,14.6,0.728723404255319
"1371",54.8,2.2,18.2,0.737704918032787
"1378",49.7,7.3,15.9,0.721311475409836
"1385",46.4,10,17.6,0.822404371584699
"1399",46.1,10,9.4,0.23224043715847
"1742",47.8,6.9,14.9,0.611825192802057
"1756",45.7,4.6,13.9,0.601542416452442
"2106",38,9.4,12.2,0.163157894736842
"2113",47.7,6.7,15.4,0.794736842105263
"2120",43.2,10,11.6,0.668421052631579
"2470",39.4,10,10.7,0.78740157480315
"2484",53.7,4.8,16.7,0.393700787401575
"2491",46.8,7,13.9,0.259842519685039
"307",46.9,9.9,13.7,0.853731343283582
"328",61,2.1,14,0.8
"685",58.3,9.1,11.8,0.902439024390244
"692",54.9,10,7.3,0.780487804878049
"1035",43.8,9.6,13.3,0.638297872340426
"1406",48.5,9.4,16.5,0.808743169398907
"1770",49.4,7.6,14.9,0.822622107969152
"1777",48.6,9.7,11.8,0.928020565552699
"1791",55.4,6.2,12.9,0.822622107969152
"2134",53.3,7.8,12.2,0.710526315789474
"2141",56.8,8.1,11.3,0.926315789473684
"2148",52.2,5.7,10.9,0.428947368421053
"2155",56.5,8,13.6,0.910526315789474
"2505",48.4,9.4,13.8,0.679790026246719
"2519",59.3,8.3,18.7,0.858267716535433
"2526",58.2,4.7,8.4,0.955380577427822
"349",55,7,18.3,0.874626865671642
"363",66.1,2.1,12.9,0.62089552238806
"713",61.7,4,14.4,0.926829268292683
"727",63.9,9.8,13.6,0.780487804878049
"1084",65.6,10,7.4,0.877659574468085
"1812",59.8,9.9,15.5,0.516709511568123
"1819",64.9,6.3,9.7,0.866323907455013
"1826",66.9,8.8,13.3,0.748071979434447
"2540",61.7,8.2,13,0.913385826771654
"2547",63.2,3.8,10,0.971128608923885
"20",67.2,7.4,6.5,0.638095238095238
"370",71.6,6.8,12.4,0.525373134328358
"377",69.4,3.1,6.7,0.594029850746269
"384",73.9,2.8,9.6,0.886567164179105
"391",66.1,6,15,0.647761194029851
"1105",65.2,8.7,7.9,0.816489361702128
"1126",76.7,8.5,8.5,0.933510638297872
"1469",65.7,3.2,10,0.491803278688525
"1483",72.4,9,13.5,0.920765027322404
"1833",66,5.2,8.7,0.560411311053985
"1840",63.7,9,8.9,0.645244215938303
"2197",70.6,4.8,11.5,0.528947368421053
"2568",70.8,7.9,10.9,0.908136482939633
"34",77.9,6,4.4,0.59047619047619
"41",75.3,7.6,5.4,0.679365079365079
"398",69.7,9.5,8.3,0.674626865671642
"405",70.7,9.3,13.1,0.534328358208955
"419",70.6,7.8,12.1,0.704477611940298
"426",65,9.9,10.8,0.594029850746269
"776",66.8,10,8.8,0.359756097560976
"783",63.9,7.9,7.9,0.5
"790",67.2,10,10.8,0.692073170731707
"2253",69.9,10,13,0.447368421052632
"83",64.7,10,4.7,0.796825396825397
"90",65.2,5.9,5.1,0.952380952380952
"440",69.1,6.1,8.9,0.752238805970149
"454",58.1,10,11.5,0.456716417910448
"811",57.2,10,12.5,0.74390243902439
"818",63.1,7.9,15.8,0.728658536585366
"1161",70.6,6.8,12,0.640957446808511
"1182",61.2,10,10.3,0.486702127659574
"1525",69.2,9.4,9.9,0.724043715846995
"1539",57.7,10,6.4,0.950819672131147
"1889",62.7,10,10.6,0.57840616966581
"1896",65.4,9.5,11.3,0.730077120822622
"1910",61.3,2.8,27.5,0.406169665809769
"1917",59.6,10,10.6,0.773778920308483
"2260",71.1,10,8.7,0.573684210526316
"2281",60.5,6.3,8.5,0.681578947368421
"2631",59.6,10,11.8,0.750656167979003
"2645",63.5,8.8,7.7,0.792650918635171
"104",51.2,10,5.3,0.606349206349206
"468",60.6,10,13.3,0.659701492537313
"475",62.3,8.8,11,0.835820895522388
"482",48,10,9.2,0.737313432835821
"825",58.5,9.2,13.1,0.960365853658537
"832",59,10,8.9,0.417682926829268
"839",63.2,7.9,9.7,0.74390243902439
"846",54.3,7.6,15.7,0.807926829268293
"853",51.3,10,7.9,0.804878048780488
"1196",58.9,9.8,10.9,0.962765957446808
"1203",60.1,9.8,11.7,0.728723404255319
"1210",56.2,10,15.4,0.904255319148936
"1217",57.4,10,11.1,0.76063829787234
"1567",55.9,10,14.2,0.915300546448087
"1581",51.8,7.7,18.6,1
"1931",56.4,10,10.9,0.519280205655527
"1938",62,10,11.3,0.943444730077121
"1945",54.1,10,12.1,0.778920308483291
"2288",62.2,9.8,14.7,0.902631578947368
"2295",63.1,5.2,14.8,0.992105263157895
"2302",49.2,10,13.7,0.878947368421053
"2309",39.8,10,8.7,0.773684210526316
"2652",57.4,9.4,14.6,0.805774278215223
"2659",55.5,3.6,26.1,0.538057742782152
"2666",55,10,14.9,0.611548556430446
"132",43.3,9.8,9.6,0.904761904761905
"153",41.3,9.3,4.7,0.549206349206349
"489",62.3,6.3,18.2,0.925373134328358
"496",47.1,10,13.7,0.841791044776119
"503",53,10,12.3,0.647761194029851
"510",46.2,9.4,5.6,0.901492537313433
"517",31.2,10,8.7,0.11044776119403
"860",52.5,7.9,11.7,0.722560975609756
"867",43.7,9.7,11.1,0.76219512195122
"874",36.8,10,15.8,0.832317073170732
"881",37,9.3,12.6,0.121951219512195
"1224",62.3,4.3,11.3,0.569148936170213
"1231",58.3,9.8,16.9,0.731382978723404
"1588",53.6,10,12.1,0.942622950819672
"1595",54.9,10,16,0.636612021857924
"1602",50.9,10,18,0.939890710382514
"1959",44.6,10,12.3,0.688946015424165
"1966",43.8,9.9,15.6,0.920308483290488
"2316",60,5.2,13.9,0.771052631578947
"2330",42.8,5.5,19,0.702631578947368
"2344",38.4,10,7.5,0.763157894736842
"2687",42.7,10,15.7,0.721784776902887
"2694",49.3,9.8,11,0.57742782152231
"2701",48.1,8.8,10.6,0.608923884514436
"167",41.4,10,4.1,0.777777777777778
"181",33,9.4,10,0.488888888888889
"531",28.1,9.9,12.7,0.880597014925373
"545",33.1,10,10,0.226865671641791
"888",39.3,9.8,9.3,0.820121951219512
"895",37,10,8.2,0.86280487804878
"909",44.8,10,10.4,0.128048780487805
"1252",45.6,10,10.9,0.73936170212766
"1266",54.2,2.4,11.3,0.970744680851064
"1616",46.4,10,12.9,0.704918032786885
"1623",36.6,10,15.4,0.734972677595628
"1637",39,10,12.7,0.710382513661202
"1644",40.4,9.5,18.2,0.412568306010929
"1980",48.2,10,10,0.812339331619537
"1987",41,10,9,0.580976863753213
"2351",38,9.8,11,0.663157894736842
"2365",50.4,5.3,17.6,0.865789473684211
"2372",41.8,7.5,15,0.6
"2715",38.3,10,14.2,0.425196850393701
"2722",38.7,9.8,10.3,0.942257217847769
"2729",24.2,10,13.5,0.779527559055118
"196",42.7,7.1,7.9,0.223880597014925
"203",35.9,9.2,15.3,0.250746268656716
"210",24.4,8.6,10.5,0.471641791044776
"560",44.8,4.4,13.4,0.185975609756098
"567",38.8,8.7,7.9,0.134146341463415
"574",32,8.5,17,0.216463414634146
"917",34.5,9.5,11.1,0.143617021276596
"924",26.9,10,10.2,0.210106382978723
"931",20.2,10,13.3,0.247340425531915
"938",38.5,6.7,12.4,0.0691489361702128
"945",24.5,7.8,20.3,0.329787234042553
"1288",45.9,10,9.3,0.333333333333333
"1295",45.7,7.3,15.7,0.35792349726776
"1309",37.8,10,11.6,0.448087431693989
"1659",29.8,10,10.2,0.10025706940874
"1666",42.3,6.7,7.5,0.0488431876606684
"1673",38.7,10,18.3,0.115681233933162
"2023",45.4,3,19.2,0.394736842105263
"2030",38.1,10,14.3,0.202631578947368
"2037",36.8,10,12.2,0.15
"2380",43.8,5,11.8,0.141732283464567
"2387",23.1,10,12.9,0.312335958005249
"2394",34.5,9.8,6.9,0.204724409448819
"2401",30.5,10,7.9,0.346456692913386
"217",27.6,10,12.5,0.4
"231",39.2,9.2,8.6,0.146268656716418
"588",28.2,10,8.6,0.0609756097560976
"595",35.2,7.3,11.8,0.341463414634146
"602",41.4,7.1,11,0.557926829268293
"973",22.2,10,7.2,0.361702127659574
"1316",32.3,9.9,12.1,0.330601092896175
"1323",23.5,7.4,12.2,0.131147540983607
"1330",42.8,8.8,12.5,0.336065573770492
"1680",28.4,10,14.1,0.218508997429306
"1687",32,8.4,10,0.141388174807198
"2058",35.9,10,13.1,0.397368421052632
"2065",42.3,5,11.4,0.228947368421053
"2408",23.5,10,11.8,0.461942257217848
"2415",31.5,10,16.4,0.364829396325459
"2422",41.1,7.9,10.6,0.351706036745407
"245",38.2,10,9.4,0.22089552238806
"252",39.2,9.9,24.9,0.504477611940298
"259",37.1,10,10.2,0.361194029850746
"266",38.5,10,15.9,0.262686567164179
"273",44.5,10,7,0.337313432835821
"616",40.3,8.9,11,0.338414634146341
"623",41.3,8.8,12,0.350609756097561
"630",38.1,9.7,11.2,0.271341463414634
"637",44.9,4.5,10.2,0.503048780487805
"980",25,9.9,10.9,0.468085106382979
"987",38.7,5.8,10.8,0.279255319148936
"1001",37.4,7.8,12.7,0.151595744680851
"1344",34.8,9.1,20.8,0.461748633879781
"1358",40,10,10,0.295081967213115
"1365",44.8,9.3,15.1,0.26775956284153
"1708",22.9,9.9,17.8,0.205655526992288
"1715",22.5,9.4,19.3,0.236503856041131
"1722",34.7,10,7.5,0.123393316195373
"1729",42.9,8.2,13.1,0.295629820051414
"2079",38.1,10,17.5,0.3
"2086",33.3,10,19.7,0.286842105263158
"2100",43.6,9.6,12.6,0.357894736842105
"2436",35.1,6,16.1,0.63254593175853
"2450",46.9,6.1,16,0.391076115485564
"2457",39.3,9,21.7,0.338582677165354
"280",40.2,10,12.5,0.391044776119403
"287",44.4,8.2,12.9,0.462686567164179
"294",52.7,3.6,15.2,0.394029850746269
"644",44.8,7.7,13.8,0.536585365853659
"658",45.7,10,5.9,0.36890243902439
"665",44.9,9.4,12.2,0.439024390243902
"1008",47.3,4.8,13.7,0.279255319148936
"1015",47.8,5.1,12.4,0.462765957446808
"1029",43.7,9.9,12.9,0.50531914893617
"1372",50.4,5,8.5,0.450819672131148
"1379",41.8,10,9.7,0.341530054644809
"1386",44.3,10,22.9,0.674863387978142
"1393",53.4,5.6,9.3,0.592896174863388
"1400",47.3,10,8.7,0.407103825136612
"1736",39.8,3.3,24.2,0.347043701799486
"1743",43.9,9.8,16.5,0.439588688946015
"1757",46.7,5.7,13.2,0.244215938303342
"1764",54.2,2.7,11.6,0.526992287917738
"2107",43.5,8.7,10.7,0.0894736842105263
"2114",47.7,7,13.7,0.45
"2121",44.6,10,10.5,0.344736842105263
"2478",49.7,5.2,12.6,0.519685039370079
"2485",54.5,2.9,17.7,0.144356955380577
"2492",52.9,6.6,19.3,0.328083989501312
"308",47.8,10,13.7,0.537313432835821
"315",56.2,3.7,9.4,0.367164179104478
"329",55.6,4.6,7.6,0.340298507462687
"679",54.8,7.1,11.1,0.442073170731707
"686",57.7,5.8,12.5,0.655487804878049
"693",54.6,10,15,0.25
"700",53.9,10,12.4,0.557926829268293
"1057",54.8,10,15,0.382978723404255
"1407",52.5,5.1,8.1,0.379781420765027
"1428",62.5,9.2,11.6,0.532786885245902
"1771",55.1,2.6,13.5,0.588688946015424
"1778",47.9,10,8.6,0.583547557840617
"1785",56.3,10,16,0.401028277634961
"2135",58,9.2,13.5,0.392105263157895
"2149",49.6,6,9.8,0.342105263157895
"2156",58.8,7.1,13.8,0.389473684210526
"2506",56.8,7,10,0.619422572178478
"2520",56.9,10,9.7,0.312335958005249
"343",62.3,4.8,19.1,0.51044776119403
"364",66.2,1.4,13.7,0.570149253731343
"1071",58,8.4,11.5,0.521276595744681
"1085",62,10,9,0.273936170212766
"1442",58.1,9.8,9.6,0.415300546448087
"1456",62.1,10,8,0.699453551912568
"1813",61.7,4.3,11.8,0.508997429305913
"2163",63.1,4.4,7.9,0.444736842105263
"2184",59.2,5.7,9.2,0.157894736842105
"2534",60.6,9.8,9.1,0.469816272965879
"2548",64.7,9.7,8.4,0.614173228346457
"371",73,8.1,13.1,0.346268656716418
"385",74.5,3.3,11.8,0.450746268656716
"392",69.1,9.6,8.8,0.346268656716418
"735",67,8.4,21.2,0.307926829268293
"1463",69.4,7.2,11.8,0.377049180327869
"1484",74.3,7.3,12,0.595628415300546
"1827",67.7,5.9,13,0.3573264781491
"1834",67.3,5.4,8.9,0.331619537275064
"1855",65.1,6.9,11.1,0.143958868894602
"2198",67.3,9.9,12.8,0.192105263157895
"2212",59.8,6.8,6.7,0.444736842105263
"35",77.9,5.7,4.1,0.523809523809524
"42",77.7,7.8,6.9,0.33015873015873
"399",69.3,7.2,10.9,0.274626865671642
"406",72.4,6.4,11.2,0.283582089552239
"420",66.2,10,10.7,0.37910447761194
"763",64.3,8.8,6.5,0.414634146341463
"784",65.6,9.8,10.8,0.152439024390244
"1127",73.4,8.9,9.2,0.707446808510638
"1134",69.7,10,11.8,0.38031914893617
"1876",71.8,5.6,12.2,0.467866323907455
"2240",73.9,5.9,9.4,0.331578947368421
"2597",71.2,10,10.5,0.448818897637795
"2611",68.3,10,12.3,0.296587926509186
"70",75.3,8.8,5.8,0.619047619047619
"77",67.2,10,5.1,0.488888888888889
"84",66.3,8.1,5.6,0.457142857142857
"434",63.6,10,10.2,0.552238805970149
"441",64.5,10,9.1,0.355223880597015
"798",72,6.9,10.7,0.454268292682927
"805",59.9,9.6,7.6,0.469512195121951
"1162",66.8,10,9.3,0.36968085106383
"1169",67.7,9.9,8.8,0.404255319148936
"1183",59.4,10,11.4,0.412234042553192
"1547",60.7,10,12.7,0.491803278688525
"1911",62.6,2.1,17.2,0.44987146529563
"2254",65,10,7.2,0.2
"2275",68.8,9.6,14.4,0.286842105263158
"98",66.1,7,5.2,0.307936507936508
"112",62.7,5,6.3,0.584126984126984
"119",61.9,9.6,4.3,0.384126984126984
"469",58.6,10,13.2,0.465671641791045
"476",57.3,10,6.2,0.211940298507463
"483",49,10,13.7,0.674626865671642
"826",59.4,6.8,5.7,0.38719512195122
"833",52.9,8.1,8.1,0.432926829268293
"847",54.7,10,10.7,0.338414634146341
"1190",55.5,7.9,22.1,0.409574468085106
"1197",59.2,9,13.1,0.656914893617021
"1204",52.7,10,8.2,0.433510638297872
"1211",51.5,10,9.4,0.311170212765957
"1554",62,1.7,14,0.407103825136612
"1575",61.3,3.5,12.2,0.538251366120219
"1582",51,8.8,15.8,0.497267759562842
"2296",53.2,10,7.9,0.326315789473684
"2303",59.5,9,16.1,0.463157894736842
"2653",51.9,10,12.2,0.409448818897638
"2660",56.2,6.7,19.9,0.26509186351706
"2667",50.5,10,10.9,0.485564304461942
"2674",55.2,7.9,7.3,0.325459317585302
"140",43.6,10,4.7,0.441269841269841
"147",44.1,9.5,7.6,0.174603174603175
"490",57.4,6.4,5.6,0.450746268656716
"497",41.7,10,12.9,0.51044776119403
"511",47.3,9.6,9.9,0.405970149253731
"861",43.9,10,13.9,0.423780487804878
"868",37,10,10.7,0.38109756097561
"875",37.1,10,15.9,0.329268292682927
"1225",61.4,6.9,10.9,0.26063829787234
"1232",49,10,18.7,0.561170212765957
"1239",48.8,10,14.3,0.518617021276596
"1596",42.1,10,13.9,0.467213114754098
"1603",50.1,6.6,12.3,0.710382513661202
"1953",53.6,9.3,13.9,0.403598971722365
"1960",30.2,10,12.6,0.429305912596401
"1967",43.5,10,9.4,0.444730077120823
"2317",59.7,5.4,19.2,0.534210526315789
"2324",52.2,7.5,19.1,0.402631578947368
"2331",44.5,10,12.1,0.278947368421053
"2338",41.4,10,11.5,0.218421052631579
"2681",47,10,7.2,0.275590551181102
"2688",35.3,10,10.2,0.26509186351706
"2695",39.7,10,18.4,0.330708661417323
"2702",40.4,10,13.9,0.333333333333333
"2709",35,10,15.8,0.167979002624672
"154",38.5,9.3,9.2,0.244444444444444
"175",37.4,10,10.6,0.441269841269841
"182",32.5,7.8,5.3,0.123809523809524
"525",39.7,7.8,11.8,0.498507462686567
"546",39.3,9.9,10.4,0.223880597014925
"889",48.9,6.8,9.8,0.682926829268293
"896",36.9,9.9,9.8,0.579268292682927
"903",38.2,10,8.3,0.307926829268293
"1260",55,8.1,9.8,0.468085106382979
"1267",42.1,10,16.7,0.590425531914894
"1617",43.8,10,15.1,0.437158469945355
"1624",28.2,10,12.8,0.336065573770492
"1631",36.2,5.9,11.5,0.521857923497268
"1638",44.1,8.2,10.7,0.333333333333333
"1645",35.8,10,14.1,0.0901639344262295
"1981",42.5,10,8,0.305912596401028
"1988",38.7,7.8,9.9,0.210796915167095
"1995",30.9,8,12.4,0.526992287917738
"2002",45.6,3.2,10.6,0.280205655526992
"2352",27.9,10,11.5,0.523684210526316
"2359",46.1,5.7,6.8,0.460526315789474
"2366",48.3,4.1,13.3,0.302631578947368
"2373",48.4,4.1,14.2,0.121052631578947
"2716",36.4,10,12.9,0.433070866141732
"2723",52.7,3.1,16.5,0.461942257217848
"211",21.7,10,16.3,0.0865671641791045
"575",26.8,9.4,17.8,0.185975609756098
"939",36.5,9.4,16,0.0106382978723404
"1282",44.4,10,15.5,0
"1289",51.3,4.9,16.2,0.0819672131147541
"1296",40.2,9.2,7.7,0.0519125683060109
"1303",34.5,6.3,25.6,0.23224043715847
"1310",45,8.6,12.5,0.273224043715847
"1646",44.4,9,13.4,0.0745501285347044
"1660",33.6,9,10.8,0.0874035989717224
"2024",27,10,14.5,0.107894736842105
"2395",43.2,2.8,17,0.026246719160105
"218",30.7,8.2,9.8,0.134328358208955
"225",24.7,8.9,16.4,0
"232",30.9,4.2,23.6,0.140298507462687
"239",42.6,4.3,17.1,0.0776119402985075
"582",39.3,5.5,8.7,0.0396341463414634
"596",29.8,7.5,20.2,0.182926829268293
"960",25.7,4.6,19.6,0.138297872340426
"967",36,2.6,7.7,0.311170212765957
"1338",42.8,10,16.6,0.210382513661202
"1702",43,7.3,14.3,0.0154241645244216
"2045",37.8,9.1,13.4,0.231578947368421
"2052",46.3,1.2,9.7,0.068421052631579
"2059",39.4,8.3,12.4,0.05
"2409",35.4,8.1,10.4,0.233595800524934
"2416",28.7,10,11.7,0.115485564304462
"2423",30.9,10,7.6,0.0997375328083989
"2430",40.5,5.7,14.1,0
"253",39,10,11.9,0.0447761194029851
"260",34.8,9.9,7.5,0.0776119402985075
"267",39.1,10,10.4,0.152238805970149
"617",35.2,10,8.9,0
"624",35.3,10,10.7,0.024390243902439
"631",38.9,10,9.5,0.0701219512195122
"638",46.3,1.7,13.8,0.100609756097561
"981",33.8,9.2,8,0.164893617021277
"988",38.5,7,12.3,0.151595744680851
"995",35.1,9.4,15.7,0.0797872340425532
"1002",34.9,9.5,10.6,0.273936170212766
"1352",50.1,10,11.8,0.00819672131147541
"1359",37.2,10,11.3,0.128415300546448
"1709",20.8,10,19.8,0.0848329048843188
"1716",20,10,16.1,0.154241645244216
"1723",36,5.6,19.4,0.241645244215938
"1730",37,9.5,9.8,0
"2073",39.6,9.9,23.4,0.0105263157894737
"2080",36.3,10,11.4,0.0315789473684211
"2087",27.2,10,12.2,0.192105263157895
"2094",35.8,9.3,16.6,0.1
"2444",36.8,7.1,14.7,0.16010498687664
"2451",36.3,10,13.2,0.047244094488189
"2458",39.1,10,15.5,0.170603674540682
"2465",49.2,8.6,14.7,0.128608923884514
"295",45.1,10,11.7,0.211940298507463
"645",41.1,10,12.5,0.24390243902439
"652",47,9.3,8.8,0.23780487804878
"666",42.4,9.9,4.8,0.13719512195122
"1009",41.6,10,12.5,0.0531914893617021
"1016",45,10,10.1,0.109042553191489
"1023",46.3,9.9,11,0.183510638297872
"1373",41.7,8.3,17.5,0.418032786885246
"1380",40.6,10,15.7,0.183060109289617
"1387",45.8,10,15.4,0.371584699453552
"1394",49.1,10,13.4,0.0437158469945355
"1737",39.7,9.3,14.7,0.149100257069409
"1744",46.3,10,10.5,0.218508997429306
"1751",51.9,5.3,15.7,0.06426735218509
"1758",46.5,10,10.5,0.15681233933162
"1765",53.4,9.8,12.6,0.0359897172236504
"2108",37.9,9.5,11.2,0.0394736842105263
"2115",39.7,9,17.5,0.15
"2129",50.5,9.2,5.9,0.136842105263158
"309",47.8,9.7,10.1,0.343283582089552
"316",56.2,3.3,11,0.37910447761194
"330",50.2,9.3,13.9,0.164179104477612
"673",51.4,9.8,12.8,0.143292682926829
"687",56.5,9.8,8.5,0.314024390243902
"1051",63.1,9.4,9.1,0.375
"1058",56.5,10,15.5,0.0797872340425532
"1065",64.7,7.1,11.2,0.406914893617021
"1415",55.7,8.9,16.3,0.213114754098361
"1422",56.3,9,14.2,0.379781420765027
"1779",50.4,5.6,16.5,0.455012853470437
"2143",49.7,9.7,8.6,0.2
"2150",56.5,0.7,13.9,0.328947368421053
"2157",53.7,6,12.6,0.0894736842105263
"2500",46.9,6.8,9.6,0.335958005249344
"2507",45.7,7.6,8.6,0.493438320209974
"2521",57.6,8.9,12.1,0.286089238845144
"337",61.8,4.6,12.6,0.259701492537313
"351",61.3,8.9,9.2,0.229850746268657
"715",66.1,10,10.9,0.216463414634146
"1079",66.9,10,8.9,0.468085106382979
"1093",64.4,4.3,13,0.353723404255319
"1443",66,7.3,12.5,0.423497267759563
"1814",63.8,0.7,10.2,0.352185089974293
"2164",52.8,10,11.8,0.189473684210526
"2542",62.8,9.3,13.2,0.283464566929134
"2549",65.7,10,11.4,0.414698162729659
"372",74.4,9,9.1,0.223880597014925
"393",69.8,5.7,6.5,0.253731343283582
"736",68.2,10,14.1,0.143292682926829
"750",65.2,9.1,10,0.143292682926829
"1485",73.2,10,8.7,0.366120218579235
"1828",68.7,4.2,11.4,0.208226221079692
"1835",69.6,9.3,10.1,0.143958868894602
"1856",67.1,9.6,15,0.38560411311054
"2213",66.5,3.2,12.8,0.228947368421053
"36",78.1,5.8,6.1,0.365079365079365
"43",77.8,8.7,5.7,0.323809523809524
"57",73.9,10,4.6,0.215873015873016
"400",69.4,9,8.3,0.161194029850746
"778",68.3,8.3,6.8,0.219512195121951
"792",69.1,9.4,9,0.277439024390244
"1135",67,9.2,13.1,0.231382978723404
"1506",75.3,4.6,9.9,0.243169398907104
"1863",69.4,9.5,11.8,0.161953727506427
"2598",68.8,10,9.4,0.217847769028871
"2612",65.5,10,13.6,0.21259842519685
"85",63.8,9,6.4,0.244444444444444
"435",68,10,13.3,0.298507462686567
"442",61.2,10,6.6,0.226865671641791
"799",70.1,9,11,0.222560975609756
"806",62.2,10,9.6,0.378048780487805
"813",66.1,8.1,8.1,0.338414634146341
"1177",70.7,7.5,8.9,0.409574468085106
"1184",59.4,10,7,0.242021276595745
"1534",71.3,6.4,11.9,0.289617486338798
"1548",57.6,10,10.8,0.382513661202186
"1891",60,6.7,13.1,0.159383033419023
"1898",61.1,9.7,9.9,0.197943444730077
"2262",62.6,10,10,0.271052631578947
"2647",66.9,8.7,11.4,0.228346456692913
"106",58.7,10,5,0.361904761904762
"470",55.1,10,11.4,0.304477611940298
"477",58.3,10,9.4,0.26865671641791
"484",54.3,10,13.8,0.334328358208955
"827",59.6,9.6,11,0.307926829268293
"834",53.3,10,9.2,0.210365853658537
"841",56,10,10.7,0.240853658536585
"848",57.6,10,13.1,0.338414634146341
"1191",56.2,10,19.2,0.356382978723404
"1205",46.1,10,13.7,0.396276595744681
"1562",62.2,6.4,13.8,0.131147540983607
"1576",53.7,10,21.3,0.278688524590164
"1583",61.1,9.3,11,0.341530054644809
"1947",60.4,9.6,12.3,0.403598971722365
"2297",52.8,10,8.9,0.165789473684211
"2304",48.5,9.1,11.8,0.368421052631579
"2311",56.8,6.9,13.4,0.271052631578947
"2675",53.4,7.6,14.3,0.173228346456693
"141",43.2,9.8,5.5,0.136507936507936
"148",36.6,10,7.1,0.0380952380952381
"491",49.4,8.8,12,0.0447761194029851
"498",52.5,10,13,0.22089552238806
"512",30.5,10,18.3,0.280597014925373
"862",53.2,10,9.1,0.0457317073170732
"869",38.1,10,5.6,0.0762195121951219
"876",52.6,8.9,18.3,0.0640243902439024
"1226",53.2,10,11,0.186170212765957
"1233",47.6,10,14.3,0.26063829787234
"1240",50.1,8.1,6.6,0.0771276595744681
"1590",49.9,9,10.5,0.273224043715847
"1597",51.3,10,14.2,0.234972677595628
"1604",47,5.5,14.4,0.265027322404372
"1611",43.4,10,13.2,0.092896174863388
"1954",54.5,10,10.8,0.161953727506427
"1968",54.8,7.8,16.8,0.300771208226221
"1975",48.9,9.9,12.2,0.0745501285347044
"2318",47.7,10,9.9,0.128947368421053
"2325",39.9,10,13.7,0.123684210526316
"2339",47.7,6.1,15.9,0.0789473684210526
"2696",41.5,10,14.2,0.112860892388451
"2703",50.2,7.5,13,0.304461942257218
"162",46.2,7.2,5.4,0.447619047619048
"169",44.5,7.5,6.5,0.307936507936508
"526",34,10,8.8,0.167164179104478
"533",40,5.8,18.9,0.149253731343284
"540",51.9,2.1,15.2,0.313432835820896
"890",41.9,8,25,0.271341463414634
"1268",38.5,10,14,0.26063829787234
"1275",52.9,4.5,13.1,0.308510638297872
"1618",38.2,10,14.6,0.136612021857924
"1625",29.9,10,7.5,0.245901639344262
"1632",49.8,2.5,13.2,0.243169398907104
"1989",39,9,12.3,0.146529562982005
"1996",27.6,10,10.1,0.233933161953728
"2346",46,5.1,12.2,0.276315789473684
"2360",43.8,8.4,15.2,0.444736842105263
"2367",36.7,10,11.6,0.136842105263158
"2717",31.8,10,8.7,0.141732283464567
"2724",47.7,8,19.8,0.267716535433071
